Cast,Count
Anne-Marie Newland,24
Dr Daniel J Nightingale,3
"Mammootty, Suhasini Maniratnam",3
Bear Grylls,2
William Lee Martin,2
"Hrithik Roshan, Tiger Shroff, Vaani Kapoor, Ashutosh Rana, Anupriya Goenka, Yash Raaj Singh, Mashhoor Amrohi, Sanjeev Vatsa, Soni Razdan, Dipannita Sharma, Arif Zakaria, Amit Gaur",2
Peter Sallis,2
"Grace Tamayo, Erin Webbs",17
"Nani, Sudheer Babu, Nivetha Thomas, Aditi Rao Hydari",5
Peter Coyote,3
Richard Hammond,4
Tom Papa,3
"Bharath Niwas, Priya Bhavanishankar, Robo Shankar, Karunakaran, Sanjana Sarathy, Alexander Babu",2
Martin Sherman,2
Joseph May,4
"Gabriel Bateman, Josh Duhamel, Megan Fox, Kunal Nayyar, Julia Jones, Janet Montgomery, Bryan Callen, Todd Stashwick, Neo Hooo",2
Jim Al-Khalili,2
"Bracha van Doesburgh, Daan Schuurmans, Thijs Römer, Karina Smulders, Fedja van Huêt, Anneke Blok, Hannah van Lunteren, Leopold Witte",2
"Tomo Muranaka, Momoko Tanabe, Nao Nagasawa, Tadashi Miyazawa, Yutaka Aoyama, Takeshi Kaga",3
"Danny Kaye, Virginia Mayo, Vera-Ellen",2
"Awkwafina, Shuzhen Zhao, X Mayo",2
"Gracy Bitin Goswami, Manju Gupta, Sandeep Yadav, Ratna Pathak Shah, Naila Grewal, Maya Sarao, Ankur Rathee, Geetika Vidya, Taapsee Pannu, Sushil Dahiya, Rohan Khurana, Purenendu Bhattacharya, Kumud Mishra, Dr. Anil Rastogi, Santanu Ghatak, Dia Mirza, Tanvi Azmi, Harshh A. Singh, Ram Kapoor, Pavail Gulati, Bhavesh Babani, Manav Kaul, Siddhant Mahesh Karnick, Niddhi Uttam",2
Bert Convy,2
"Aaron Michael, LB",2
Kimiko Ishizaka,2
"Chiranjeevi, Amitabh Bachchan, Sudeep, Jagapathi Babu, Vijay Sethupathi, Nayanthara, Ravi Kishan, Nassar, Tamannaah Bhatia",4
David Attenborough,2
Morgan Spurlock,2
Sabrina Glow,6
Mary Kay Kayaltizer,6
Sinbad,2
"Anushka Shetty, Madhavan, Anjali, Michael Madsen",7
"Test Actor 1, Test Actor 2",8
Jay O. Sanders,4
"Prabhas, Shraddha Kapoor, Murli Sharma, Arun Vijay, Neil Nitin Mukesh",4
Ryan Bingham,2
Rick Stein,5
Mother Goose Club,4
"Swara Bhasker, Ayushmaan Saxena, Rashmi Agdekar, Chittranjan Tripathy, Neelu Kohli, Pradhuman Singh Mall",2
Rammstein,3
"Sumukhi Suresh, Naveen Richard, Manish Anand, Vidyuth Gargi, Shraddha",3
Azeem Banatwalla,2
Jonathan Sherr,2
"Elly, Eva",2
Pete Correale,2
"Keerthy Suresh, Linga, Madhampatty Rangaraj, Master Advaith, Mathi",3
"Dhanush, Sneha, Mehreen Pirzada, Naveen Chandra, Naser, Munishkanth, Sathish",4
Parry Gripp,2
"Jitendra Kumar, Neena Gupta, Raghubir Yadav, Faisal Malik, Chandan Roy",2
"Benjamín Vicuña, Amparo Noguera, Francisca Gavilán, Roberto Farías, Eusebio Arenas, Victor Montero, Diego Ruiz, Mateo Iribarren",2
Donna D' Cruz,4
"Darshan, Sanah Thimmayyah, Yashas Surya",2
Nick Thune,2
Nick Di Paolo,2
Nick Cannon,3
Tiffany Pollard,2
Stan Bernard,2
Sean Pertwee,2
Monty Don,2
"Jamie Chung, Beau Bridges, Matt O'Leary",2
"Cyrus Sahukar, Mini Mathur, Denzil Smith",2
Mike Birbiglia,2
Michael Jordan,2
"Vijay, Vijay Sethupathi, Malavika Mohanan",6
Maria Bamford,2
"Ramana, Sanjeiv, Praveen prem, Varsha Bollamma, Aiswarya Gowda, Chetan Gandharva",2
"Shuhei Nomura, Yuki Morinaga, Kai Inowaki, Atsushi Ogata, Gaku Sano, Naoto Ogata, Koji Kikkawa",4
Maggie Binkley,56
"Mohanlal, Manju Warrier, Vivek Oberoi, Tovino Thomas, John Vijay, Saikumar, Saniya Iyappan, Sachin Khedekar, Prithviraj Sukumaran, Shivaji Guruvayoor, Baiju, Indrajith Sukumaran",3
"Keean Johnson, Alex Neustaedter, Daniel Zolghadri, Kristine Froseth, Shea Whigham, Jaeden Lieberher",2
"Tara Strong, Jules de Jongh, Grey DeLisle, Kath Soucie, Rob Paulsen, Carter Jenkins",2
"Jaden Smith, Cara Delevingne, Cuba Gooding Jr., Chris D'Elia, JT Neal, Stony Blyden, Peter MacNeill, RZA, Nia Long",2
"Shweta Tripathi Sharma, Sandeep Mehta, Suyash Joshi, Arun Nalawade, Rupesh Tillu",3
"Toni Kroos, Jessica Kroos, Felix Kroos, Gareth Bale, Casemiro, Luka Modrić, Florentino Pérez, Sergio Ramos, José Ángel Sánchez, Pep Guardiola, Jupp Heynckes, Uli Hoeneß, Miroslav Klose, Joachim Löw, Matthias Sammer, Zinédine Zidane, Sascha Breese, Dirk Hebel, Volker Struth, Marcel Reif, Robbie Williams",2
"Sumanth, Nanditha Swetha, Nasser, JP",2
"Sibi Sathyaraj, Nanditha Swetha, Nasser, JP",2
"Suriya, Mohanlal, Arya, Sayyeesha, Samuthirakani, Bomman Irani",2
"Super Star Rajinikanth, Nana Patekar, Huma Qureshi, Eswari Rao, Anjali Patil, Samuthirakani, Pankaj Tripathi, Manikandan, Dileepan",3
"Yash, Srindhi Shetty, Ramachandra Raju, Anant Nag, Vasishta N. Simha",3
"LB, Aaron Michael",9
Josh Blue,3
Jim Gaffigan,3
Jim Breuer,2
Jeff Garcia,3
Jeff Dunham,7
James May,2
"Jyotika, Revathi, Anandraj",2
Iliza Shlesinger,2
Chris Barrie,2
Aravind SA,2
Eric Meyers,2
Jeff McComas,2
Howie Mandel,3
"Annie, Ben, Mango",4
Henry Rollins,2
"Amitabh Bachchan, Ayushmann Khurrana, Farrukh Jafar, Vijay Raaz, Brijendra Kala, Srishti Shrivastava",2
Gina Yashere,2
George Carlin,3
Gary Owen,2
Gary Gulman,2
"Jagapati Babu, Navdeep, Sidhu, Swetha Basu Prasad, Sivaji, Apoorva Arora, Aiswarya, Krishna Bhagwan, Dhanraj, Posani",3
Gallagher,9
Eddie Griffin,2
Doug Stanhope,3
"Rajinikanth, Nayanthara, Sunil Shetty",3
Dan Cummins,2
D.L. Hughley,2
Craig Shoemaker,2
Julia Marie,2
"Varun Dhawan, Sara Ali Khan, Paresh Rawal, Javed Jaffery, Rajpal Yadav, Sahil Vaid, Johny Lever, Shikha Talsania, Vikas Verma, Anil Dhawan, Manoj Joshi, Bharti Achrekar",2
Chris Porter,2
Chiara Ferragni,3
"Rajkummar Rao, Nushrratt Bharuchaa",2
David Suchet,2
"Fahadh Faasil, Darshana Rajendran, Roshan Mathew, Saiju Kurup, Mala Parvathy",2
Richard Wilson,2
Bryan Callen,3
Brian Posehn,2
Brad Williams,2
Bob Saget,2
Stevin John,11
"Susan Sarandon, Kate Winslett, Mia Wasikowska, Sam Neill, Rainn Wilson",2
Bill Hicks,3
Andy Murray,2
Michael Murphy,3
Alonzo Bodden,4
Mark Harmon,2
"Suriya, Paresh Rawal, Mohan Babu, Aparna Balamurali, Urvashi, Karunas, Vivek Prasanna, Krishna Kumar. B, Kaali Venkat, Poo Ramu, Achyuth Kumar, Prakash Belawadi, Hans Kaushik, Dan Dhanoa",3
Martine Saunier,3
Steven Mackintosh,2
"Rajinikanth, Akshay Kumar, Amy Jackson",3
"Florence Pugh, Jack Reynor, Will Poulter, William Jackson Harper",2
"Steve, Maggie",3
"Matt Lynch, Sasha Andreev, Amanda Day, Danny Mason",2
"Martin Short, Alexa Torrington, Jacob Ewaniuk, Rob Tinkler",3
Tammy Pescatelli,2
"James Stewart, Donna Reed, Lionel Barrymore, Thomas Mitchell, Henry Travers, Beulah Bondi",2
"Salman Khan, Kichcha Sudeepa, Sonakshi Sinha, Arbaaz Khan, Saiee Manjrekar",2
"Fahadh Faasil, Baburaj, Shammi Thilakan, Unnimaya Prasad, Alister Alex",2
"Sylvester Stallone, Max Zhang, Dave Bautista, Devon Sawa, Jaime King, Curtis Jackson, Harry Shum Jr.",2
"Sylvester Stallone, Paz Vega, Sergio Peris-Mencheta, Adrianna Barraza, Yvette Monreal, Oscar Jaenada",2
"Puneeth Rajkumar, Sayyeshaa Saigal, Prakash Raj, Dhananjaya, Diganth Manchale, Sonu Gowda, Avinash, Achyuth Kumar, Sai Kumar Pudipeddi, Sudharani",4
Queen,2
"Sophie Nélisse, Nia Long, Corinee Foxx, Brianne Tju, Sistine Stallone, Davi Santos, Khylin Rhambo, Brec Bassinger, John Corbett",2
"Annapurnamma, Gemini Suresh, Chaitanya Garikapati, Viva Raghav, Ram Ravipalli, Satish Saripalli",2
"Lau Ching-wan, Louis Koo, Daniel Wu",2
"Caitlin Harris, Chris Wellington, Emily Seale-Jones, Lauren Harris, Owen Drake",2
Sebastian Maniscalco,2
"Cut the Rope, Om Nom",6
"Vinod Prabhakar, Asha Bhat, Jagapathi Babu, Sreedhar Rao Chennamaneni, Amit Shivdas Nair, Sridhar Rao, Cockroach Sudhi, Darshan Thoogudeep",2
"Chad Michael Murray, Bruce Willis, Shea Buckner, Tyler Jon Olson, Lydia Hull, Riley Wolfe Rach, Jessica Abrams",2
"Sacha Baron Cohen, Maria Bakalova",3
"Gene Autry, Champion, Elena Verdugo",2
Om Nom,2
"Satya Dev, Priya Lal, Rahul Ramakrishna, Priyadarshi",3
LooLoo Kids,7
"LB, Arron Michael",2
Yakov Smirnoff,8
"Mahesh Babu, Rashmika Mandanna, Vijayashanti, Prakash Raj, Rajendra Prasad",2
"Rana Daggubati, Kay Kay Menon, Atul Kulkarni, Tapsee Pannu (in a Special Appearance), Late Om Puri, Nassar, Rahul Singh, Milind Gunaji",3
"Ana De Armas, Toni Collette, Christopher Plummer, Don Johnson, Michael Shannon, Jaeden Martell, Riki Lindhome, Chris Evans, Jamie Lee Curtis, Lakeith Stanfield, Daniel Craig, Katherine Langford",2
"Gene Autry, Champion, Sheila Ryan",2
"Gene Autry, Champion, Gail Davis",12
"Coke Horner, Sigh Bleu, Aiko Melissa, Nigel Morris, Lavonia Ratliff, Sonny Cruz, Dena Smith",2
"Thavasi, Murali Krishna, Johnsi, Raveena, Kamalesh",2
"Test Actor1 US, Test Actor2",2
"Roberto Benigni, Federico Ielapi, Rocco Papaleo, Massimo Ceccherini",2
The Rolling Stones,3
"Lea, Pop",3
"Satyadev, Eesha Rebba, Musskan Sethi, Srikanth",3
"Vishnu Manchu, Kajal Aggarwal, Suniel Shetty, Naveen Chandra, Navdeep, Harsha, Mahima Makwana, Karma McCain, Ruhi Singh",3
"Steve R. Watts, Maggie",3
"Tôru Furuya, Hirotaka Suzuoki, Kouichi Hashimoto",4
"Guillermo Ivan, Kimberley Aria Peterson, Huitzil Sol, Rudy Miera",2
1,34
"Adarsh Gourav, Luv Vispute, Shubham Gaur, Nikhil Vijay, Ahsaas Channa, Ayushi Gupta",2
"Penny Singleton, Arthur Lake",2
Ikue Ohtani,2
Eddie Izzard,9
"Bryan Brown, Matthias Hues, Amanda Pays, Art Malik, Patricia Kerrigan, Elisabetta Coraini, Richard D. Sharpe, Sophie Okonedo, Anthony Valentine",2
"Megumi Ogata, Megumi Hayashibara, Yūko Miyamura, Maaya Sakamoto, Kotono Mitsuishi",3
Tommy Davidson,2
"Arya, Dushara Vijayan, Pasupathy, Kalaiyarasan, John Vijay, John Kokken, Sanchana Natarajan, Kaali Venkat, Anupama Kumar, G.M. Sundhar, Muthukumar",2
Geovanni Molina,2
"Mammootty, Manju Warrier, Ameya Mathew, Nikhila Vimal, Baby Monica",2
"Indrans, Sreenath Bhasi, Vijay Babu, Manju Pillai, Neslin, Kainakary Thankaraj, KPAC Lalitha, Srikanth Murali, Johny Antony, Pauly Wilson, Maniyan Pillai Raju, Anoop Menon, Aju Varghese, Kiran Aravindhakshan, Chithra, Priyanka Nair",2
"Kenny Wormald, Rachele Brooke Smith, Sarah Jayne Jensen, Ethan Stiefel, Peter Gallagher",2
"Tovino Thomas, Piaa Bajpai",2
"Stephen Baldwin, Tyne Daly, Allen Garfield",2
"Benedict Cumberbatch, Merab Ninidze, Rachel Brosnahan, Jessie Buckley, Angus Wright",2
"Matt Leblanc, Chris Harris, Rory Reid",2
"Alex J. Murphy , John Terrence Cable ,  Sara Cable",2
"Ben Affleck, Jennifer Garner, Joe Pantoliano, Jon Favreau, Michael Clarke Duncan, Colin Farrell, David Keith",2
"Martin Lawrence, Brandon T. Jackson, Jessica Lucas",2
"Terence Hill, Clare Carey, Paul Sorvino, Maria P. Petruolo",2
"Yamil Ureña, Braulio Castillo, Sisan Chiong, Edgar Cuevas, Joseette Vidal, Rocio Verdejo, Azul Guaita, Elaine Haro",2
Clayton Grimm,2
Jayasurya,2
Cassandra Peterson,21
"Jack De Sena, Dave B. Mitchell, Stephanie Sheh, David Chen, Sean Schemmel, Patrick Seitz",2
"Nani, Ritu Varma, Aishwarya Rajesh, Jagapathi Babu, Daniel Balaji, Nasser, Parvathi T, Rohini, Rao Ramesh, Naresh",2
"Ave Merson-O'Brian, Milla Jovovich, Michelle Rodriguez, Sally Cahill, Kevin Durand, Sienna Guillory, Shawn Roberts, Aryana Engineer, Colin Salmon, Johann Urb, Boris Kodjoe, Li Bingbing",2
"Danny DeVito, Arnold Schwarzenegger, F. Murray Abraham, Art Carney, Charles Dance, Frank McRae, Tom Noonan, Robert Prosky, Anthony Quinn, Mercedes Ruehl, Austin O'Brien",2
Iyke Ogbonna George Clinting Ngozi Achms,2
"Gabi Lopes, Carla Diaz, Leonardo Medeiros, Augusto Madeira, Vera Zimmermann",2
"Vishal TM, Rangarao",2
"Steve Carell,  Tina Fey,  Mark Wahlberg,  Taraji P. Henson",2
"Mark Wahlberg, Steve Carell, Taraji P. Henson, Tina Fey, Common",2
"Kangana Ranaut, Arvind Swamy, Nassar",4
"Richard Gere, Julia Roberts",2
