Director,Genre(s)
Alonso Ramirez Ramos,"['Animation', 'Family', 'Parody']"
 Dave Wasson,"['Animation', 'Family', 'Parody']"
John Cherry,['Comedy']
Karen Disher,"['Animation', 'Comedy', 'Family']"
Hamish Hamilton,"['Musical', 'Concert Film', 'Family', 'Fantasy']"
Liz Garbus,"['Biographical', 'Documentary']"
Kirk R. Thatcher,"['Comedy', 'Family', 'Musical']"
John Gleim,['Documentary']
Leslie Iwerks,"['Documentary', 'Family']"
McKenna Harris,"['Animation', 'Comedy', 'Family']"
Kevin Lima,"['Comedy', 'Family', 'Fantasy', 'Action-Adventure', 'Animation', 'Coming of Age', 'Animals & Nature']"
Patrick Osborne,"['Animation', 'Comedy', 'Drama', 'Concert Film', 'Music']"
Chris Buck,"['Animation', 'Family', 'Fantasy', 'Action-Adventure', 'Coming of Age']"
 Jennifer Lee,"['Animation', 'Family', 'Fantasy', 'Action-Adventure']"
Lauren MacMullan,"['Action-Adventure', 'Animation', 'Comedy']"
Dan Mazer,"['Comedy', 'Family']"
Jaume Collet-Serra,"['Action-Adventure', 'Comedy', 'Family']"
John Kahrs,"['Animation', 'Comedy', 'Family']"
Destin Daniel Cretton,"['Action-Adventure', 'Fantasy', 'Superhero']"
Manjari Makijany,"['Coming of Age', 'Music']"
Nathan Greno,"['Animation', 'Family', 'Action-Adventure', 'Comedy']"
 Byron Howard,"['Animation', 'Family', 'Action-Adventure', 'Comedy']"
Stevie Wermers-Skelton,"['Animation', 'Family', 'Fantasy', 'Comedy']"
 Kevin Deters,"['Animation', 'Family', 'Fantasy', 'Comedy']"
Roger Allers,"['Animation', 'Drama']"
David Clair,"['Concert Film', 'Music']"
David Silverman,"['Animation', 'Comedy', 'Fantasy', 'Parody', 'Action-Adventure']"
Dean Wellins,"['Animation', 'Crime', 'Family']"
Mike Mitchell,"['Comedy', 'Family', 'Music', 'Action-Adventure']"
Brian Levant,"['Comedy', 'Family']"
Alex Zamm,"['Comedy', 'Family', 'Action-Adventure', 'Kids']"
Kevin Deters,"['Animation', 'Family', 'Fantasy', 'Comedy']"
 Stevie Wermers-Skelton,"['Animation', 'Family', 'Fantasy']"
Robert Vince,"['Comedy', 'Fantasy', 'Kids', 'Action-Adventure', 'Drama', 'Family', 'Musical']"
Robert Vince,"['Comedy', 'Fantasy', 'Kids', 'Action-Adventure', 'Drama', 'Family', 'Musical']"
Robert Vince,"['Comedy', 'Fantasy', 'Kids', 'Action-Adventure', 'Drama', 'Family', 'Musical']"
Robert Vince,"['Comedy', 'Fantasy', 'Kids', 'Action-Adventure', 'Drama', 'Family', 'Musical']"
Matthew Vaughn,"['Action-Adventure', 'Science Fiction', 'Superhero']"
Niki Caro,"['Drama', 'Sports', 'Action-Adventure', 'Coming of Age']"
Daniel Stern,"['Comedy', 'Family', 'Sports']"
Don Bluth,"['Animation', 'Family', 'Fantasy', 'Historical']"
 Gary Goldman,"['Animation', 'Family', 'Fantasy']"
Jim Greayer,"['Documentary', 'Historical']"
Ben Crichton,['Documentary']
Jeff Gordon,"['Animation', 'Family', 'Fantasy']"
Kirk Thatcher,"['Comedy', 'Family', 'Musical']"
Dave Hoffman,"['Family', 'Variety']"
Alex Zamm,"['Comedy', 'Family', 'Action-Adventure', 'Kids']"
Cate Shortland,"['Action-Adventure', 'Science Fiction', 'Spy/Espionage']"
John Hoffman,"['Biographical', 'Documentary']"
 Janet Tobias,"['Biographical', 'Documentary']"
Tim Hill,"['Animation', 'Comedy', 'Family', 'Kids']"
Walt Becker,"['Comedy', 'Family', 'Music']"
Ken Cunningham,"['Action-Adventure', 'Animation', 'Science Fiction', 'Comedy']"
Robert Stromberg,"['Action-Adventure', 'Family', 'Fantasy']"
Alonso Ramirez Ramos,"['Animation', 'Family', 'Parody']"
 Eddie Trigueros,"['Animation', 'Family', 'Parody']"
 Dave Wasson,"['Animation', 'Family', 'Parody']"
Jason Sterman,['Documentary']
 Leanne Dare,['Documentary']
Robert Vince,"['Comedy', 'Fantasy', 'Kids', 'Action-Adventure', 'Drama', 'Family', 'Musical']"
Josh Boone,"['Coming of Age', 'Drama', 'Romance']"
P.J. Hogan,"['Comedy', 'Romance', 'Romantic Comedy']"
Salvador Simó,"['Animation', 'Fantasy', 'Musical']"
Jay Hatcher,"['Concert Film', 'Music']"
Katie Bauer Murdock,"['Documentary', 'Animals & Nature']"
Louis Gonzales,"['Animation', 'Comedy', 'Family']"
Rob Marshall,"['Action-Adventure', 'Fantasy', 'Family', 'Musical', 'Drama']"
Aphton Corbin,"['Animation', 'Family']"
Robert Rodriguez,"['Concert Film', 'Music']"
 Patrick Osborne,"['Concert Film', 'Music']"
Simon Kinberg,"['Action-Adventure', 'Family', 'Science Fiction']"
Craig Gillespie,"['Crime', 'Drama', 'Action-Adventure', 'Disaster']"
Peter Hedges,"['Comedy', 'Drama', 'Romance', 'Family', 'Fantasy']"
Napoleon Dumo,"['Family', 'Music', 'Variety']"
Drew Pearce,"['Comedy', 'Drama', 'Thriller']"
Frederik Du Chau,"['Action-Adventure', 'Family', 'Parody']"
Stefen Fangmeier,"['Action-Adventure', 'Family', 'Fantasy']"
Tim Story,"['Action-Adventure', 'Family', 'Science Fiction']"
Bryan Singer,"['Action-Adventure', 'Family', 'Science Fiction']"
Alex Zamm,"['Comedy', 'Family', 'Action-Adventure', 'Kids']"
Lev L. Spiro,"['Comedy', 'Coming of Age', 'Family', 'Action-Adventure']"
Chris Columbus,"['Comedy', 'Drama', 'Action-Adventure', 'Coming of Age', 'Family', 'Fantasy']"
Mark J Davis,['Documentary']
Peter Hewitt,"['Comedy', 'Family', 'Action-Adventure', 'Coming of Age']"
Carlos Saldanha,"['Animation', 'Comedy', 'Family', 'Action-Adventure']"
Phil Stebbing,"['Animals & Nature', 'Documentary']"
Kurt Mattila,['Documentary']
Barry Cook,"['Action-Adventure', 'Family', 'Fantasy', 'Animation', 'Comedy']"
 Neil Nightingale,"['Action-Adventure', 'Family', 'Fantasy']"
Andy Seestedt,"['Animals & Nature', 'Documentary']"
Cameron Crowe,"['Animals & Nature', 'Drama', 'Family']"
Kevin Bachar,"['Animals & Nature', 'Documentary']"
Michael Mayer,"['Animals & Nature', 'Coming of Age', 'Drama']"
Thomas Astruc,"['Animation', 'Fantasy', 'Action-Adventure']"
Sigmund Spath Jr.,"['Animals & Nature', 'Documentary']"
Mark Woodward,"['Animals & Nature', 'Documentary']"
Sally Aitken,"['Animals & Nature', 'Documentary']"
Jacob Cobi Benattia,"['Animals & Nature', 'Documentary']"
 Pete Berg,"['Animals & Nature', 'Documentary']"
 James Buchanan,"['Animals & Nature', 'Documentary']"
Mark Woodward,"['Animals & Nature', 'Documentary']"
David Silverman,"['Animation', 'Comedy', 'Fantasy', 'Parody', 'Action-Adventure']"
David Mickey Evans,"['Comedy', 'Coming of Age', 'Family', 'Sports']"
David Mickey Evans,"['Comedy', 'Coming of Age', 'Family', 'Sports']"
Chris Columbus,"['Comedy', 'Drama', 'Action-Adventure', 'Coming of Age', 'Family', 'Fantasy']"
David Gelb,"['Biographical', 'Documentary']"
Enrico Casarosa,"['Animation', 'Buddy', 'Coming of Age', 'Family']"
Gary Rydstrom,"['Action-Adventure', 'Animation', 'Family', 'Comedy']"
Norman Tokar,"['Biographical', 'Coming of Age', 'Family', 'Comedy', 'Crime', 'Animals & Nature', 'Sports', 'Western', 'Science Fiction', 'Drama']"
Adam Shankman,"['Action-Adventure', 'Comedy', 'Spy/Espionage', 'Family', 'Fantasy']"
Don Hall,"['Action-Adventure', 'Animation', 'Family', 'Comedy']"
 Carlos López Estrada,"['Action-Adventure', 'Animation', 'Family']"
Anthony Hemingway,"['Action-Adventure', 'Drama', 'Historical']"
Zach A. Parrish,"['Animation', 'Dance', 'Family']"
Aqsa Altaf,['Drama']
Hao Zheng,"['Coming of Age', 'Drama']"
Ann Marie Pace,"['Coming of Age', 'Fantasy']"
Stephanie Abel Horowitz,['Drama']
Jessica Mendez Siqeiros,['Fantasy']
Moxie Peng,['Drama']
Steve Loter,"['Action-Adventure', 'Animation', 'Fantasy', 'Coming of Age']"
Brett Ratner,"['Action-Adventure', 'Family', 'Science Fiction']"
Tim Story,"['Action-Adventure', 'Family', 'Science Fiction']"
Steve Miner,"['Biographical', 'Drama']"
David Silverman,"['Animation', 'Comedy', 'Fantasy', 'Parody', 'Action-Adventure']"
Kevin Nolting,"['Animation', 'Comedy', 'Family']"
Kentaro Takayanagi,"['Biographical', 'Documentary', 'Music']"
Fred Zinnemann,"['Musical', 'Romance', 'Western']"
Patrick Read Johnson,"['Action-Adventure', 'Comedy', 'Crime']"
Tom Jennings,"['Biographical', 'Documentary', 'Family', 'Historical']"
Carlos Saldanha,"['Animation', 'Comedy', 'Family', 'Action-Adventure']"
Joe Cornish,"['Action-Adventure', 'Coming of Age', 'Family']"
Robert Vince,"['Comedy', 'Fantasy', 'Kids', 'Action-Adventure', 'Drama', 'Family', 'Musical']"
Ken Olin,"['Action-Adventure', 'Animals & Nature', 'Drama']"
Doug Shultz,"['Biographical', 'Documentary']"
James Orr,"['Comedy', 'Coming of Age', 'Crime']"
Daniel Petrie,"['Biographical', 'Coming of Age', 'Drama']"
Xavier Koller,"['Action-Adventure', 'Biographical', 'Drama']"
John Korty,"['Action-Adventure', 'Fantasy', 'Science Fiction']"
Jim Wheat,"['Action-Adventure', 'Fantasy', 'Science Fiction']"
 Ken Wheat,"['Action-Adventure', 'Fantasy', 'Science Fiction']"
Robert Stevenson,"['Action-Adventure', 'Fantasy', 'Survival', 'Drama', 'Family', 'Historical', 'Comedy', 'Romance', 'Romantic Comedy', 'Musical', 'Animals & Nature', 'Science Fiction']"
Shawn Levy,"['Action-Adventure', 'Comedy', 'Family']"
David Frankel,"['Animals & Nature', 'Comedy']"
Scott Ressler,"['Animals & Nature', 'Documentary']"
Ken Annakin,"['Action-Adventure', 'Coming of Age', 'Family']"
Kelly Asbury,"['Action-Adventure', 'Animation', 'Family']"
Kentaro Takayanagi,"['Biographical', 'Documentary', 'Music']"
Chris Hamilton,"['Animation', 'Kids', 'Medical']"
Tim Burton,"['Coming of Age', 'Fantasy', 'Animation', 'Comedy', 'Drama', 'Action-Adventure', 'Family', 'Parody', 'Science Fiction']"
Cristina Costantini,"['Documentary', 'Family']"
 Darren Foster,"['Documentary', 'Family']"
Tim Hill,"['Animation', 'Comedy', 'Family', 'Kids']"
Jeff Gipson,"['Animation', 'Family', 'Fantasy']"
Dereck Joubert,"['Animals & Nature', 'Documentary', 'Action-Adventure', 'Family']"
 Beverly Joubert,"['Animals & Nature', 'Documentary']"
Shawn Levy,"['Action-Adventure', 'Comedy', 'Family']"
Adam Shankman,"['Action-Adventure', 'Comedy', 'Spy/Espionage', 'Family', 'Fantasy']"
Lena Khan,"['Comedy', 'Coming of Age', 'Drama']"
Jorge R. Gutiérrez,"['Action-Adventure', 'Animation', 'Comedy']"
Robert Iscove,"['Comedy', 'Family', 'Fantasy']"
Andy Fickman,"['Comedy', 'Action-Adventure', 'Family', 'Science Fiction', 'Sports']"
Kentaro Takayanagi,"['Biographical', 'Documentary', 'Music']"
Katie Bauer Murdock,"['Documentary', 'Animals & Nature']"
Joe Nussbaum,"['Coming of Age', 'Fantasy', 'Comedy', 'Drama']"
Natalie Hewit,['Documentary']
Harald Pokieser,"['Animals & Nature', 'Documentary']"
Wes Anderson,"['Action-Adventure', 'Animation', 'Comedy', 'Crime']"
Rob Marshall,"['Action-Adventure', 'Fantasy', 'Family', 'Musical', 'Drama']"
Carlos Saldanha,"['Animation', 'Comedy', 'Family', 'Action-Adventure']"
Steve Purcell,"['Action-Adventure', 'Animation', 'Comedy']"
Luc Marescot,"['Animals & Nature', 'Documentary']"
Jimmy Hayward,"['Animation', 'Comedy', 'Family']"
 Steve Martino,"['Animation', 'Comedy', 'Family']"
Mark Woodward,"['Animals & Nature', 'Documentary']"
Brandon Hill,"['Animals & Nature', 'Documentary']"
 Marc Ostrick,"['Animals & Nature', 'Documentary']"
Madeline Sharafian,"['Animation', 'Family']"
Tim Hill,"['Animation', 'Comedy', 'Family', 'Kids']"
Pete Docter,"['Animation', 'Comedy', 'Family', 'Coming of Age', 'Buddy', 'Action-Adventure']"
Michal Makarewicz,"['Animation', 'Family']"
Rob Marshall,"['Action-Adventure', 'Fantasy', 'Family', 'Musical', 'Drama']"
Thomas Astruc,"['Animation', 'Fantasy', 'Action-Adventure']"
Rich Moore,"['Action-Adventure', 'Animation', 'Comedy', 'Family']"
 Phil Johnston,"['Action-Adventure', 'Animation', 'Comedy']"
Reginald Hudlin,"['Biographical', 'Drama', 'Sports']"
Don Bluth,"['Animation', 'Family', 'Fantasy', 'Historical']"
 Gary Goldman,"['Animation', 'Family', 'Fantasy']"
Sharon Maguire,"['Comedy', 'Family', 'Fantasy']"
Niki Caro,"['Drama', 'Sports', 'Action-Adventure', 'Coming of Age']"
Mike Mitchell,"['Comedy', 'Family', 'Music', 'Action-Adventure']"
Lasse Hallström,"['Action-Adventure', 'Family', 'Fantasy']"
 Joe Johnston,"['Action-Adventure', 'Family', 'Fantasy']"
Miguel Arteta,"['Comedy', 'Coming of Age', 'Family']"
Ashley Avis,"['Animals & Nature', 'Coming of Age', 'Drama']"
Angela Affinita,"['Animation', 'Family']"
Klay Hall,"['Action-Adventure', 'Animation', 'Comedy', 'Fantasy']"
Bobs Gannaway,"['Action-Adventure', 'Animation', 'Comedy', 'Family']"
Ken Cunningham,"['Action-Adventure', 'Animation', 'Science Fiction', 'Comedy']"
Chris Columbus,"['Comedy', 'Drama', 'Action-Adventure', 'Coming of Age', 'Family', 'Fantasy']"
Chris Columbus,"['Comedy', 'Drama', 'Action-Adventure', 'Coming of Age', 'Family', 'Fantasy']"
Raja Gosnell,"['Comedy', 'Family', 'Action-Adventure']"
Thierry Fessard,"['Documentary', 'Historical']"
 Yohann Thiriet,"['Documentary', 'Historical']"
Peter Yost,"['Documentary', 'Historical']"
Robert Zemeckis,"['Animation', 'Fantasy', 'Action-Adventure', 'Comedy']"
Stanley Tong,"['Action-Adventure', 'Comedy', 'Crime']"
Kevin Deters,"['Animation', 'Family', 'Fantasy', 'Comedy']"
 Stevie Wermers-Skelton,"['Animation', 'Family', 'Fantasy']"
Kevin Deters,"['Animation', 'Family', 'Fantasy', 'Comedy']"
 Stevie Wermers-Skelton,"['Animation', 'Family', 'Fantasy']"
Trevor Moore,"['Comedy', 'Variety']"
Jon Turteltaub,"['Action-Adventure', 'Fantasy', 'Comedy', 'Drama', 'Romance', 'Mystery', 'Thriller', 'Biographical', 'Family']"
Dan Abraham,"['Animation', 'Comedy', 'Coming of Age']"
 Trent Correy,"['Animation', 'Comedy', 'Coming of Age']"
Ben Finney,"['Documentary', 'Historical']"
Angus MacLane,"['Animation', 'Comedy', 'Family', 'Action-Adventure', 'Kids']"
Raja Gosnell,"['Comedy', 'Family', 'Action-Adventure']"
Justin Baldoni,"['Biographical', 'Drama', 'Music']"
Renan Ozturk,"['Animals & Nature', 'Documentary', 'Survival']"
Leo Riley,"['Action-Adventure', 'Animation', 'Science Fiction']"
Michael Apted,"['Action-Adventure', 'Family', 'Fantasy']"
Christian Baumeister,"['Animals & Nature', 'Documentary', 'Family']"
Bryan Singer,"['Action-Adventure', 'Family', 'Science Fiction']"
Stephen Herek,"['Drama', 'Music', 'Comedy', 'Sports', 'Action-Adventure', 'Family']"
Jacques Perrin,"['Animals & Nature', 'Documentary', 'Family']"
 Jacques Cluzaud,"['Animals & Nature', 'Documentary', 'Family']"
Theodore Melfi,"['Biographical', 'Drama', 'Family']"
Moritz Katz,"['Animals & Nature', 'Documentary']"
Andy Tennant,"['Drama', 'Romance']"
Mark Monroe,"['Documentary', 'Sports']"
Fabrice Gardel,['Documentary']
 Simon Kessler,['Documentary']
 Josselin Mahot,['Documentary']
Marc Forster,"['Drama', 'Family', 'Fantasy']"
Sam Weisman,"['Comedy', 'Drama', 'Family', 'Action-Adventure']"
Robert Lieberman,"['Comedy', 'Coming of Age', 'Drama']"
Jack Hannah,"['Animation', 'Family', 'Fantasy', 'Sports', 'Comedy', 'Kids']"
James Bobin,"['Action-Adventure', 'Fantasy', 'Comedy', 'Family', 'Kids']"
Bill Condon,"['Family', 'Fantasy', 'Musical']"
Martin Johnson,['Documentary']
Thea Sharrock,"['Drama', 'Family', 'Fantasy']"
Paul Hoen,"['Coming of Age', 'Fantasy', 'Musical', 'Music', 'Sports', 'Comedy', 'Mystery', 'Action-Adventure', 'Science Fiction', 'Dance', 'Drama']"
Mark Waters,"['Comedy', 'Family', 'Fantasy']"
Peyton Reed,"['Action-Adventure', 'Comedy', 'Science Fiction']"
Michael Gracey,"['Biographical', 'Drama', 'Family']"
Don Hahn,"['Biographical', 'Documentary', 'Music']"
Mike Newell,"['Action-Adventure', 'Fantasy']"
Ben Wallis,"['Animals & Nature', 'Documentary', 'Family']"
 Emma Fraser,"['Animals & Nature', 'Documentary', 'Family']"
 Jess Tombs,"['Animals & Nature', 'Documentary', 'Family']"
Steve Martino,"['Animation', 'Comedy', 'Family']"
Jeremy Turner,"['Animals & Nature', 'Family', 'Reality']"
Beyoncé Knowles-Carter,"['Dance', 'Music', 'Musical']"
Tim Conrad,"['Documentary', 'Historical']"
Dan Oliver,['Documentary']
Brad Bird,"['Action-Adventure', 'Animation', 'Family', 'Comedy', 'Science Fiction']"
Jim Aikman,['Documentary']
Sophie Harris,"['Animals & Nature', 'Documentary', 'Historical']"
Joachim Rønning,"['Action-Adventure', 'Fantasy', 'Family']"
 Espen Sandberg,"['Action-Adventure', 'Fantasy']"
Wilfred Jackson,"['Documentary', 'Family', 'Historical', 'Action-Adventure', 'Animation', 'Fantasy', 'Music', 'Comedy', 'Kids', 'Musical', 'Sports']"
David Bowers,"['Comedy', 'Family']"
John Tracy,"['Coming of Age', 'Drama', 'Family']"
Bryan Singer,"['Action-Adventure', 'Family', 'Science Fiction']"
Ron Howard,"['Action-Adventure', 'Crime', 'Science Fiction', 'Comedy', 'Fantasy', 'Romance']"
Bryan Singer,"['Action-Adventure', 'Family', 'Science Fiction']"
David Bowers,"['Comedy', 'Family']"
Thomas Kail,"['Biographical', 'Historical', 'Musical']"
Mike Thurmeier,"['Action-Adventure', 'Animation', 'Comedy']"
Andy Fickman,"['Comedy', 'Action-Adventure', 'Family', 'Science Fiction', 'Sports']"
Holly Sloan,"['Comedy', 'Family', 'Sports']"
Stephen Herek,"['Drama', 'Music', 'Comedy', 'Sports', 'Action-Adventure', 'Family']"
Jon Turteltaub,"['Action-Adventure', 'Fantasy', 'Comedy', 'Drama', 'Romance', 'Mystery', 'Thriller', 'Biographical', 'Family']"
Ward Kimball,"['Documentary', 'Family', 'Animation']"
Ward Kimball,"['Documentary', 'Family', 'Animation']"
Anthony Russo,"['Action-Adventure', 'Fantasy', 'Science Fiction', 'Superhero']"
 Joe Russo,"['Action-Adventure', 'Fantasy', 'Science Fiction', 'Superhero']"
Kevin Lima,"['Comedy', 'Family', 'Fantasy', 'Action-Adventure', 'Animation', 'Coming of Age', 'Animals & Nature']"
 Chris Buck,"['Action-Adventure', 'Animation', 'Coming of Age']"
Brian Smith,"['Action-Adventure', 'Animation', 'Coming of Age']"
Ben Allen,"['Documentary', 'Historical']"
 Tom Jenner,"['Documentary', 'Historical']"
Jon Favreau,"['Action-Adventure', 'Coming of Age', 'Family', 'Drama', 'Science Fiction', 'Superhero']"
Peggy Holmes,"['Action-Adventure', 'Animation', 'Family', 'Fantasy', 'Kids', 'Drama']"
Barry Cook,"['Action-Adventure', 'Family', 'Fantasy', 'Animation', 'Comedy']"
Frank Marshall,"['Action-Adventure', 'Animation', 'Comedy', 'Animals & Nature', 'Drama']"
 Rob Minkoff,"['Action-Adventure', 'Animation', 'Comedy']"
Kenneth Branagh,"['Action-Adventure', 'Crime', 'Fantasy', 'Superhero']"
Hamilton Luske,"['Drama', 'Family', 'Historical', 'Action-Adventure', 'Animation', 'Fantasy', 'Documentary', 'Variety', 'Comedy', 'Anthology']"
 Robert Stevenson,"['Drama', 'Family', 'Historical']"
Wilfred Jackson,"['Documentary', 'Family', 'Historical', 'Action-Adventure', 'Animation', 'Fantasy', 'Music', 'Comedy', 'Kids', 'Musical', 'Sports']"
 William Beaudine,"['Documentary', 'Family']"
Theodore Thomas,"['Documentary', 'Historical', 'Biographical']"
Kenny Scott,['Documentary']
Chris Columbus,"['Comedy', 'Drama', 'Action-Adventure', 'Coming of Age', 'Family', 'Fantasy']"
Charles Nichols,"['Animation', 'Family', 'Comedy']"
James Neilson,"['Crime', 'Drama', 'Mystery', 'Action-Adventure', 'Comedy', 'Family']"
Wes Anderson,"['Action-Adventure', 'Animation', 'Comedy', 'Crime']"
Gene Kelly,"['Comedy', 'Musical', 'Romance']"
Steven Hunter,"['Animation', 'Family', 'Fantasy']"
Jeffrey Sherman,"['Biographical', 'Documentary', 'Music']"
 Gregory Sherman,"['Biographical', 'Documentary', 'Music']"
Joachim Rønning,"['Action-Adventure', 'Fantasy', 'Family']"
J.J. Abrams,"['Action-Adventure', 'Family', 'Science Fiction']"
Andrew Stanton,"['Action-Adventure', 'Family', 'Fantasy', 'Animation', 'Comedy']"
Oz Scott,"['Action-Adventure', 'Family', 'Fantasy', 'Comedy', 'Coming of Age', 'Drama', 'Music']"
Sam Weisman,"['Comedy', 'Drama', 'Family', 'Action-Adventure']"
David Ellis,"['Action-Adventure', 'Animals & Nature', 'Family']"
Duwayne Dunham,"['Action-Adventure', 'Animals & Nature', 'Family', 'Biographical', 'Sports', 'Comedy', 'Coming of Age', 'Fantasy', 'Buddy', 'Drama']"
Jack Kinney,"['Animation', 'Family', 'Sports', 'Parody', 'Comedy', 'Action-Adventure', 'Anthology', 'Musical']"
James Algar,"['Animals & Nature', 'Documentary', 'Family', 'Animation', 'Fantasy', 'Action-Adventure', 'Anthology']"
James Algar,"['Animals & Nature', 'Documentary', 'Family', 'Animation', 'Fantasy', 'Action-Adventure', 'Anthology']"
James Algar,"['Animals & Nature', 'Documentary', 'Family', 'Animation', 'Fantasy', 'Action-Adventure', 'Anthology']"
Rob Reiner,"['Action-Adventure', 'Comedy', 'Family']"
Ben Sharpsteen,"['Animals & Nature', 'Documentary', 'Family', 'Animation', 'Comedy', 'Fantasy']"
Jon Turteltaub,"['Action-Adventure', 'Fantasy', 'Comedy', 'Drama', 'Romance', 'Mystery', 'Thriller', 'Biographical', 'Family']"
Liliana Olszewski,"['Animals & Nature', 'Documentary']"
James Algar,"['Animals & Nature', 'Documentary', 'Family', 'Animation', 'Fantasy', 'Action-Adventure', 'Anthology']"
Elizabeth Leiter,"['Biographical', 'Documentary']"
 Kimberly Woodard,"['Biographical', 'Documentary']"
Jack Hannah,"['Animation', 'Family', 'Fantasy', 'Sports', 'Comedy', 'Kids']"
Charles Nichols,"['Animation', 'Family', 'Comedy']"
Ron de Moraes,"['Concert Film', 'Music', 'Musical']"
David Silverman,"['Animation', 'Comedy', 'Fantasy', 'Parody', 'Action-Adventure']"
Jack Speirs,"['Animals & Nature', 'Family']"
Jack Hannah,"['Animation', 'Family', 'Fantasy', 'Sports', 'Comedy', 'Kids']"
Alastair Fothergill,"['Animals & Nature', 'Documentary', 'Family']"
 Jeff Wilson,"['Animals & Nature', 'Documentary', 'Family']"
Keith Scholey,"['Animals & Nature', 'Documentary', 'Family']"
Keith Scholey,"['Animals & Nature', 'Documentary', 'Family']"
Jack Hannah,"['Animation', 'Family', 'Fantasy', 'Sports', 'Comedy', 'Kids']"
Jack King,"['Animation', 'Family', 'Comedy']"
Jack Hannah,"['Animation', 'Family', 'Fantasy', 'Sports', 'Comedy', 'Kids']"
Jack Hannah,"['Animation', 'Family', 'Fantasy', 'Sports', 'Comedy', 'Kids']"
Mark Linfield,"['Animals & Nature', 'Documentary', 'Family']"
Wilfred Jaxon,"['Animation', 'Family']"
Jack Kinney,"['Animation', 'Family', 'Sports', 'Parody', 'Comedy', 'Action-Adventure', 'Anthology', 'Musical']"
Vanessa Berlowitz,"['Animals & Nature', 'Documentary', 'Family']"
Jack Hannah,"['Animation', 'Family', 'Fantasy', 'Sports', 'Comedy', 'Kids']"
Ben Sharpsteen,"['Animals & Nature', 'Documentary', 'Family', 'Animation', 'Comedy', 'Fantasy']"
Dan Scanlon,"['Action-Adventure', 'Animation', 'Comedy', 'Buddy']"
Jack Hannah,"['Animation', 'Family', 'Fantasy', 'Sports', 'Comedy', 'Kids']"
Alastair Fothergill,"['Animals & Nature', 'Documentary', 'Family']"
 Jeff Wilson,"['Animals & Nature', 'Documentary', 'Family']"
Milt Schaffer,"['Animation', 'Family']"
Dick Lundy,"['Animation', 'Family', 'Comedy']"
Gary Nelson,"['Action-Adventure', 'Animals & Nature', 'Drama', 'Science Fiction', 'Thriller']"
Jack Hannah,"['Animation', 'Family', 'Fantasy', 'Sports', 'Comedy', 'Kids']"
Don Bluth,"['Animation', 'Family', 'Fantasy', 'Historical']"
David Lynch,"['Biographical', 'Drama']"
Tim Burton,"['Coming of Age', 'Fantasy', 'Animation', 'Comedy', 'Drama', 'Action-Adventure', 'Family', 'Parody', 'Science Fiction']"
Simon Wells,"['Action-Adventure', 'Animation', 'Family']"
Joe Nussbaum,"['Coming of Age', 'Fantasy', 'Comedy', 'Drama']"
Julie Robinson,"['Coming of Age', 'Drama', 'Music']"
Peter Hedges,"['Comedy', 'Drama', 'Romance', 'Family', 'Fantasy']"
Ava DuVernay,"['Action-Adventure', 'Coming of Age', 'Family']"
Hoyt Yeatman IV,"['Action-Adventure', 'Comedy', 'Family']"
Chris Buck,"['Animation', 'Family', 'Fantasy', 'Action-Adventure', 'Coming of Age']"
 Jennifer Lee,"['Animation', 'Family', 'Fantasy', 'Action-Adventure']"
Julia Hart,"['Coming of Age', 'Drama', 'Musical']"
Craig Gillespie,"['Crime', 'Drama', 'Action-Adventure', 'Disaster']"
William Dear,"['Comedy', 'Family', 'Sports']"
Adam Shankman,"['Action-Adventure', 'Comedy', 'Spy/Espionage', 'Family', 'Fantasy']"
Ryan Coogler,"['Action-Adventure', 'Science Fiction', 'Superhero']"
Stuart Strickson,"['Documentary', 'Historical']"
Chris Rutkowski,"['Action-Adventure', 'Animation', 'Coming of Age']"
Sol Choi,"['Action-Adventure', 'Animation', 'Coming of Age']"
Leo Riley,"['Action-Adventure', 'Animation', 'Science Fiction']"
Wayne Wang,"['Comedy', 'Drama', 'Family']"
Robert Stevenson,"['Action-Adventure', 'Fantasy', 'Survival', 'Drama', 'Family', 'Historical', 'Comedy', 'Romance', 'Romantic Comedy', 'Musical', 'Animals & Nature', 'Science Fiction']"
Ron Howard,"['Action-Adventure', 'Crime', 'Science Fiction', 'Comedy', 'Fantasy', 'Romance']"
Tom McCarthy,"['Buddy', 'Comedy', 'Drama']"
Josh Cooley,"['Action-Adventure', 'Animation', 'Comedy', 'Family', 'Coming of Age']"
Kenny Ortega,"['Coming of Age', 'Fantasy', 'Musical', 'Romance', 'Family', 'Comedy', 'Drama', 'Music']"
Frank Coraci,"['Action-Adventure', 'Comedy', 'Family']"
Jim Abrahams,['Comedy']
Valerie LaPointe,"['Animation', 'Comedy', 'Family']"
Jon Favreau,"['Action-Adventure', 'Coming of Age', 'Family', 'Drama', 'Science Fiction', 'Superhero']"
Monfery Dominique,"['Animation', 'Family', 'Romance']"
Bob Peterson,"['Animation', 'Comedy', 'Family']"
Erica Milsom,"['Animation', 'Family']"
Guy Ritchie,"['Action-Adventure', 'Family', 'Fantasy']"
Bob Peterson,"['Animation', 'Comedy', 'Family']"
John Lasseter,"['Animation', 'Comedy', 'Family', 'Kids', 'Drama', 'Action-Adventure', 'Buddy']"
Rob Gibbs,"['Animation', 'Comedy', 'Family']"
John Lasseter,"['Animation', 'Comedy', 'Family', 'Kids', 'Drama', 'Action-Adventure', 'Buddy']"
Jeremy Lasky,"['Animation', 'Family', 'Comedy']"
Rob Gibbs,"['Animation', 'Comedy', 'Family']"
John Lasseter,"['Animation', 'Comedy', 'Family', 'Kids', 'Drama', 'Action-Adventure', 'Buddy']"
John Lasseter,"['Animation', 'Comedy', 'Family', 'Kids', 'Drama', 'Action-Adventure', 'Buddy']"
Jeremy Lasky,"['Animation', 'Family', 'Comedy']"
Jon Turteltaub,"['Action-Adventure', 'Fantasy', 'Comedy', 'Drama', 'Romance', 'Mystery', 'Thriller', 'Biographical', 'Family']"
Wayne Abbott,['Documentary']
Jobim Sampson,"['Documentary', 'Historical']"
Crispin Sadler,['Documentary']
 Wayne Abbott,['Documentary']
Mike Slee,"['Documentary', 'Historical']"
Sophie Harris,"['Animals & Nature', 'Documentary', 'Historical']"
Jobim Sampson,"['Documentary', 'Historical']"
Larry Lansburgh,"['Animals & Nature', 'Family', 'Sports']"
Andrew Davis,"['Coming of Age', 'Drama', 'Family']"
Zak Knutson,"['Documentary', 'Family']"
Nathan Greno,"['Animation', 'Family', 'Action-Adventure', 'Comedy']"
Bob Peterson,"['Animation', 'Comedy', 'Family']"
Rian Johnson,"['Action-Adventure', 'Science Fiction']"
Bob Peterson,"['Animation', 'Comedy', 'Family']"
David Grossman,"['Action-Adventure', 'Comedy', 'Family']"
Clayton Cogswell,"['Coming of Age', 'Documentary', 'Drama']"
Ericson Core,"['Action-Adventure', 'Animals & Nature', 'Family', 'Biographical', 'Sports']"
Bob Peterson,"['Animation', 'Comedy', 'Family']"
Edwin Chang,"['Animation', 'Family', 'Fantasy']"
Bob Peterson,"['Animation', 'Comedy', 'Family']"
Taika Waititi,"['Action-Adventure', 'Comedy', 'Fantasy']"
Fritz Mitchell,"['Documentary', 'Family']"
Chad Cohen,"['Action-Adventure', 'Documentary', 'Historical']"
James Gartner,"['Biographical', 'Drama', 'Sports']"
Lee Unkrich,"['Animation', 'Family', 'Fantasy', 'Comedy', 'Drama']"
Lee Unkrich,"['Animation', 'Family', 'Fantasy', 'Comedy', 'Drama']"
Bob Peterson,"['Animation', 'Comedy', 'Family']"
Hamish Hamilton,"['Musical', 'Concert Film', 'Family', 'Fantasy']"
Bob Peterson,"['Animation', 'Comedy', 'Family']"
Bob Peterson,"['Animation', 'Comedy', 'Family']"
Gil Junger,"['Comedy', 'Coming of Age', 'Romance', 'Buddy']"
Wolfgang Reitherman,"['Action-Adventure', 'Animation', 'Family', 'Comedy', 'Kids', 'Musical']"
 Hamilton Luske,"['Action-Adventure', 'Animation', 'Family', 'Fantasy', 'Comedy', 'Anthology']"
 Clyde Geronimi,"['Action-Adventure', 'Animation', 'Family', 'Fantasy', 'Anthology', 'Musical']"
Jim Kammerud,"['Action-Adventure', 'Animation', 'Buddy', 'Drama', 'Fantasy']"
 Brian Smith,"['Action-Adventure', 'Animation']"
Kevin Lima,"['Comedy', 'Family', 'Fantasy', 'Action-Adventure', 'Animation', 'Coming of Age', 'Animals & Nature']"
James Hayman,"['Comedy', 'Family', 'Fantasy']"
Richard Fleischer,"['Action-Adventure', 'Family', 'Science Fiction']"
John Lasseter,"['Animation', 'Comedy', 'Family', 'Kids', 'Drama', 'Action-Adventure', 'Buddy']"
Kevin Lima,"['Comedy', 'Family', 'Fantasy', 'Action-Adventure', 'Animation', 'Coming of Age', 'Animals & Nature']"
Michael Gottlieb,"['Action-Adventure', 'Comedy', 'Coming of Age']"
Jack Hannah,"['Animation', 'Family', 'Fantasy', 'Sports', 'Comedy', 'Kids']"
Greg Beeman,"['Coming of Age', 'Drama', 'Romance', 'Sports', 'Biographical', 'Comedy', 'Fantasy']"
Ron Clements,"['Action-Adventure', 'Animation', 'Family', 'Comedy', 'Fantasy', 'Mystery']"
 John Musker,"['Action-Adventure', 'Animation', 'Family', 'Fantasy']"
Tad Stones,"['Action-Adventure', 'Animation', 'Family']"
Toby Shelton,"['Action-Adventure', 'Animation', 'Family']"
 Tad Stones,"['Action-Adventure', 'Animation', 'Family']"
 Alan Zaslove,"['Action-Adventure', 'Animation', 'Family']"
Clyde Geronimi,"['Action-Adventure', 'Animation', 'Family', 'Comedy', 'Fantasy', 'Kids', 'Anthology', 'Musical']"
 Hamilton Luske,"['Action-Adventure', 'Animation', 'Family', 'Fantasy', 'Comedy', 'Anthology']"
 Wilfred Jackson,"['Action-Adventure', 'Animation', 'Family']"
James Cameron,"['Action-Adventure', 'Animals & Nature', 'Documentary', 'Science Fiction']"
 Steven Quale,"['Action-Adventure', 'Animals & Nature', 'Documentary']"
Rod Daniel,"['Coming of Age', 'Drama', 'Sports', 'Comedy']"
Steve Previn,"['Coming of Age', 'Drama', 'Family']"
Louie Schwartzberg,"['Documentary', 'Family', 'Animals & Nature']"
Vincent McEveety,"['Drama', 'Family', 'Animals & Nature', 'Comedy', 'Action-Adventure', 'Western', 'Science Fiction', 'Mystery']"
Douglas McCarthy,"['Animation', 'Comedy', 'Family']"
Rob Marshall,"['Action-Adventure', 'Fantasy', 'Family', 'Musical', 'Drama']"
Tom Jennings,"['Biographical', 'Documentary', 'Family', 'Historical']"
Simcha Jacobovici,"['Documentary', 'Historical']"
Tad Stones,"['Action-Adventure', 'Animation', 'Family']"
 Toby Shelton,"['Action-Adventure', 'Animation', 'Family']"
 Victor Cook,"['Action-Adventure', 'Animation', 'Family']"
Gary Trousdale,"['Action-Adventure', 'Animation', 'Family']"
 Kirk Wise,"['Action-Adventure', 'Animation', 'Family']"
Ted Mathot,"['Animation', 'Comedy', 'Family']"
James Cameron,"['Action-Adventure', 'Animals & Nature', 'Documentary', 'Science Fiction']"
Burt Gillett,"['Animation', 'Family', 'Fantasy', 'Kids', 'Musical']"
Jack Donohue,"['Family', 'Fantasy', 'Musical']"
David Hand,"['Animation', 'Drama', 'Family', 'Comedy', 'Fantasy']"
Brian Pimental,"['Animation', 'Drama', 'Kids']"
Domee Shi,"['Animation', 'Family', 'Fantasy']"
Clyde Geronimi,"['Action-Adventure', 'Animation', 'Family', 'Comedy', 'Fantasy', 'Kids', 'Anthology', 'Musical']"
Jack Hannah,"['Animation', 'Family', 'Fantasy', 'Sports', 'Comedy', 'Kids']"
Bob Kline,"['Animation', 'Anthology', 'Fantasy']"
Andy Knight,"['Animation', 'Family', 'Fantasy']"
Jack Hannah,"['Animation', 'Family', 'Fantasy', 'Sports', 'Comedy', 'Kids']"
Fisher Stevens,['Documentary']
Joe Camp,"['Action-Adventure', 'Animals & Nature', 'Family']"
Don Hall,"['Action-Adventure', 'Animation', 'Family', 'Comedy']"
 Chris Williams,"['Action-Adventure', 'Animation', 'Family']"
Jenny Kubo,"['Animals & Nature', 'Documentary', 'Family']"
Rupert Wainwright,"['Comedy', 'Family']"
Ben Sharpsteen,"['Animals & Nature', 'Documentary', 'Family', 'Animation', 'Comedy', 'Fantasy']"
Chris Williams,"['Action-Adventure', 'Animation', 'Family', 'Comedy']"
 Byron Howard,"['Animation', 'Family', 'Action-Adventure', 'Comedy']"
Charles Nichols,"['Animation', 'Family', 'Comedy']"
Bud Luckey,"['Animation', 'Family', 'Kids']"
Mark Andrews,"['Animation', 'Coming of Age', 'Family', 'Comedy']"
 Brenda Chapman,"['Animation', 'Coming of Age', 'Family']"
Robert Ramirez,"['Action-Adventure', 'Animation', 'Kids']"
Martin Roe,"['Documentary', 'Sports']"
Greg Beeman,"['Coming of Age', 'Drama', 'Romance', 'Sports', 'Biographical', 'Comedy', 'Fantasy']"
Aaron Blaise,"['Action-Adventure', 'Animation', 'Family']"
 Robert Walker,"['Action-Adventure', 'Animation', 'Family']"
Benjamin Gluck,"['Action-Adventure', 'Animation', 'Family']"
David Jackson,"['Buddy', 'Coming of Age', 'Drama', 'Family', 'Fantasy']"
Angus MacLane,"['Animation', 'Comedy', 'Family', 'Action-Adventure', 'Kids']"
Larry Shaw,"['Comedy', 'Coming of Age']"
Jonathan Prince,"['Comedy', 'Coming of Age', 'Family']"
Matthew Diamond,"['Coming of Age', 'Music', 'Musical']"
Paul Hoen,"['Coming of Age', 'Fantasy', 'Musical', 'Music', 'Sports', 'Comedy', 'Mystery', 'Action-Adventure', 'Science Fiction', 'Dance', 'Drama']"
Paul Schneider,"['Comedy', 'Coming of Age', 'Science Fiction', 'Fantasy']"
Norman Tokar,"['Biographical', 'Coming of Age', 'Family', 'Comedy', 'Crime', 'Animals & Nature', 'Sports', 'Western', 'Science Fiction', 'Drama']"
Clyde Geronimi,"['Action-Adventure', 'Animation', 'Family', 'Comedy', 'Fantasy', 'Kids', 'Anthology', 'Musical']"
John Lasseter,"['Animation', 'Comedy', 'Family', 'Kids', 'Drama', 'Action-Adventure', 'Buddy']"
John Lasseter,"['Animation', 'Comedy', 'Family', 'Kids', 'Drama', 'Action-Adventure', 'Buddy']"
Brian Fee,"['Animation', 'Comedy', 'Family']"
Rob Gibbs,"['Animation', 'Comedy', 'Family']"
John Lasseter,"['Animation', 'Comedy', 'Family', 'Kids', 'Drama', 'Action-Adventure', 'Buddy']"
Jeremy Lasky,"['Animation', 'Family', 'Comedy']"
Rob Gibbs,"['Animation', 'Comedy', 'Family']"
John Lasseter,"['Animation', 'Comedy', 'Family', 'Kids', 'Drama', 'Action-Adventure', 'Buddy']"
John Lasseter,"['Animation', 'Comedy', 'Family', 'Kids', 'Drama', 'Action-Adventure', 'Buddy']"
Rob Gibbs,"['Animation', 'Comedy', 'Family']"
 Scott Morse,"['Animation', 'Comedy', 'Family']"
Wes Craven,"['Drama', 'Family', 'Mystery']"
Jeff Blyth,"['Action-Adventure', 'Animals & Nature', 'Family']"
Jack King,"['Animation', 'Family', 'Comedy']"
Mark Dindal,"['Animation', 'Comedy', 'Disaster', 'Action-Adventure', 'Family']"
Jack Hannah,"['Animation', 'Family', 'Fantasy', 'Sports', 'Comedy', 'Kids']"
Wilfred Jackson,"['Documentary', 'Family', 'Historical', 'Action-Adventure', 'Animation', 'Fantasy', 'Music', 'Comedy', 'Kids', 'Musical', 'Sports']"
 Hamilton Luske,"['Action-Adventure', 'Animation', 'Family', 'Fantasy', 'Comedy', 'Anthology']"
 Clyde Geronimi,"['Action-Adventure', 'Animation', 'Family', 'Fantasy', 'Anthology', 'Musical']"
John Kafka,"['Animation', 'Fantasy', 'Kids']"
Frank Nissen,"['Animation', 'Fantasy', 'Kids', 'Action-Adventure']"
Ben Sharpsteen,"['Animals & Nature', 'Documentary', 'Family', 'Animation', 'Comedy', 'Fantasy']"
Paul Hoen,"['Coming of Age', 'Fantasy', 'Musical', 'Music', 'Sports', 'Comedy', 'Mystery', 'Action-Adventure', 'Science Fiction', 'Dance', 'Drama']"
Roger Kumble,"['Comedy', 'Coming of Age', 'Family']"
Sara Sugarman,"['Comedy', 'Coming of Age']"
Jack Hannah,"['Animation', 'Family', 'Fantasy', 'Sports', 'Comedy', 'Kids']"
Francine McDougall,"['Comedy', 'Coming of Age', 'Sports']"
Paul Hoen,"['Coming of Age', 'Fantasy', 'Musical', 'Music', 'Sports', 'Comedy', 'Mystery', 'Action-Adventure', 'Science Fiction', 'Dance', 'Drama']"
Robert Stevenson,"['Action-Adventure', 'Fantasy', 'Survival', 'Drama', 'Family', 'Historical', 'Comedy', 'Romance', 'Romantic Comedy', 'Musical', 'Animals & Nature', 'Science Fiction']"
Norman Foster,"['Action-Adventure', 'Family', 'Historical', 'Drama']"
Norman Foster,"['Action-Adventure', 'Family', 'Historical', 'Drama']"
Teddy Newton,"['Animation', 'Comedy', 'Family']"
Alastair Fothergill,"['Animals & Nature', 'Documentary', 'Family']"
 Andy Byatt,"['Animals & Nature', 'Documentary', 'Family']"
Kenny Ortega,"['Coming of Age', 'Fantasy', 'Musical', 'Romance', 'Family', 'Comedy', 'Drama', 'Music']"
Thor Freudenthal,"['Comedy', 'Family']"
Ralph Zondag,"['Action-Adventure', 'Animation', 'Family']"
 Eric Leighton,"['Action-Adventure', 'Animation', 'Family']"
John Schultz,"['Action-Adventure', 'Comedy', 'Coming of Age']"
Stuart Gillard,"['Coming of Age', 'Fantasy', 'Action-Adventure', 'Comedy', 'Drama', 'Sports']"
Érik Canuel,"['Buddy', 'Comedy', 'Coming of Age']"
Mark Taylor,"['Comedy', 'Coming of Age']"
Kenny Ortega,"['Coming of Age', 'Fantasy', 'Musical', 'Romance', 'Family', 'Comedy', 'Drama', 'Music']"
Stuart Gillard,"['Coming of Age', 'Fantasy', 'Action-Adventure', 'Comedy', 'Drama', 'Sports']"
Hasraf Dulull,"['Fantasy', 'Musical', 'Thriller']"
Chris Wilson,"['Family', 'Lifestyle', 'Reality']"
Chris Wilson,"['Family', 'Lifestyle', 'Reality']"
Jon Turteltaub,"['Action-Adventure', 'Fantasy', 'Comedy', 'Drama', 'Romance', 'Mystery', 'Thriller', 'Biographical', 'Family']"
Hamilton Luske,"['Drama', 'Family', 'Historical', 'Action-Adventure', 'Animation', 'Fantasy', 'Documentary', 'Variety', 'Comedy', 'Anthology']"
Keith Scholey,"['Animals & Nature', 'Documentary', 'Family']"
Alastair Fothergill,"['Animals & Nature', 'Documentary', 'Family']"
 Keith Scholey,"['Animals & Nature', 'Documentary', 'Family']"
Lu Chuan,"['Animals & Nature', 'Documentary', 'Family']"
Alastair Fothergill,"['Animals & Nature', 'Documentary', 'Family']"
 Mark Linfield,"['Animals & Nature', 'Documentary', 'Family']"
Matthew Aeberhard,"['Animals & Nature', 'Documentary', 'Family']"
 Leander Ward,"['Animals & Nature', 'Documentary', 'Family']"
Mark Linfield,"['Animals & Nature', 'Documentary', 'Family']"
Louie Schwartzberg,"['Documentary', 'Family', 'Animals & Nature']"
Kenneth Johnson,"['Coming of Age', 'Fantasy', 'Comedy', 'Science Fiction']"
Jack King,"['Animation', 'Family', 'Comedy']"
Dick Lundy,"['Animation', 'Family', 'Comedy']"
Duwayne Dunham,"['Action-Adventure', 'Animals & Nature', 'Family', 'Biographical', 'Sports', 'Comedy', 'Coming of Age', 'Fantasy', 'Buddy', 'Drama']"
Maurice Joyce,"['Animation', 'Comedy', 'Family']"
Bob Hathcock,"['Action-Adventure', 'Animation', 'Comedy']"
Ronnie Del Carmen,"['Animation', 'Comedy', 'Family']"
Tim Burton,"['Coming of Age', 'Fantasy', 'Animation', 'Comedy', 'Drama', 'Action-Adventure', 'Family', 'Parody', 'Science Fiction']"
Jack Kinney,"['Animation', 'Family', 'Sports', 'Parody', 'Comedy', 'Action-Adventure', 'Anthology', 'Musical']"
Glenn Weiss,"['Animals & Nature', 'Documentary', 'Family']"
Geoff Luck,"['Documentary', 'Historical']"
Paul Hoen,"['Coming of Age', 'Fantasy', 'Musical', 'Music', 'Sports', 'Comedy', 'Mystery', 'Action-Adventure', 'Science Fiction', 'Dance', 'Drama']"
Frank Marshall,"['Action-Adventure', 'Animation', 'Comedy', 'Animals & Nature', 'Drama']"
Peter Tewksbury,"['Action-Adventure', 'Crime', 'Family']"
Edith Becker,['Documentary']
 Kevin Burns,['Documentary']
John Hough,"['Action-Adventure', 'Family', 'Fantasy', 'Science Fiction']"
Mark Davis,['Documentary']
Samuel Armstrong,"['Animation', 'Family', 'Fantasy']"
 James Algar,"['Animation', 'Family', 'Fantasy', 'Action-Adventure', 'Anthology']"
 Bill Roberts,"['Animation', 'Family', 'Fantasy']"
Pixote Hunt,"['Animation', 'Family', 'Fantasy']"
 Hendel Butoy,"['Animation', 'Family', 'Fantasy']"
 Eric Goldberg,"['Animation', 'Family', 'Fantasy', 'Action-Adventure']"
Dick Rickard,"['Animation', 'Comedy', 'Family']"
Andrew Stanton,"['Action-Adventure', 'Family', 'Fantasy', 'Animation', 'Comedy']"
 Angus MacLane,"['Action-Adventure', 'Animation', 'Comedy']"
Andrew Stanton,"['Action-Adventure', 'Family', 'Fantasy', 'Animation', 'Comedy']"
David Evans,"['Buddy', 'Comedy', 'Coming of Age']"
Randal Kleiser,"['Action-Adventure', 'Science Fiction', 'Comedy', 'Family', 'Animals & Nature', 'Drama']"
Bobby Rubio,"['Animation', 'Family', 'Fantasy']"
Burt Gillett,"['Animation', 'Family', 'Fantasy', 'Kids', 'Musical']"
Les Mayfield,"['Comedy', 'Family', 'Science Fiction']"
Charles Nichols,"['Animation', 'Family', 'Comedy']"
Ralph Eggleston,"['Animation', 'Comedy', 'Family']"
Bob Peterson,"['Animation', 'Comedy', 'Family']"
Theodore Thomas,"['Documentary', 'Historical', 'Biographical']"
Tim Burton,"['Coming of Age', 'Fantasy', 'Animation', 'Comedy', 'Drama', 'Action-Adventure', 'Family', 'Parody', 'Science Fiction']"
Mark Waters,"['Comedy', 'Family', 'Fantasy']"
Elizabeth Vasarhelyi,"['Action-Adventure', 'Documentary', 'Sports']"
 Jimmy Chin,"['Action-Adventure', 'Documentary', 'Sports']"
Daisy Mayer,"['Anthology', 'Comedy', 'Coming of Age']"
Chris Buck,"['Animation', 'Family', 'Fantasy', 'Action-Adventure', 'Coming of Age']"
 Jennifer Lee,"['Animation', 'Family', 'Fantasy', 'Action-Adventure']"
Stuart Gillard,"['Coming of Age', 'Fantasy', 'Action-Adventure', 'Comedy', 'Drama', 'Sports']"
Jack Kinney,"['Animation', 'Family', 'Sports', 'Parody', 'Comedy', 'Action-Adventure', 'Anthology', 'Musical']"
 W. Roberts,"['Action-Adventure', 'Animation', 'Comedy']"
 Hamilton Luske,"['Action-Adventure', 'Animation', 'Family', 'Fantasy', 'Comedy', 'Anthology']"
Mick Garris,"['Buddy', 'Comedy', 'Coming of Age']"
Jeffrey Hornaday,"['Comedy', 'Coming of Age', 'Drama', 'Fantasy', 'Musical']"
Rod Daniel,"['Coming of Age', 'Drama', 'Sports', 'Comedy']"
Josh Cooley,"['Action-Adventure', 'Animation', 'Comedy', 'Family', 'Coming of Age']"
Jan Pinkava,"['Animation', 'Family', 'Kids']"
Maggie Greenwald,"['Drama', 'Mystery']"
Ken Corben,"['Animals & Nature', 'Documentary', 'Family']"
Francine McDougall,"['Comedy', 'Coming of Age', 'Sports']"
Stuart Gillard,"['Coming of Age', 'Fantasy', 'Action-Adventure', 'Comedy', 'Drama', 'Sports']"
Arlene Sanford,"['Comedy', 'Coming of Age', 'Family', 'Action-Adventure']"
Ramon Menendez,"['Coming of Age', 'Dance', 'Drama']"
C. Nichols,"['Animation', 'Comedy', 'Family']"
Wilfred Jackson,"['Documentary', 'Family', 'Historical', 'Action-Adventure', 'Animation', 'Fantasy', 'Music', 'Comedy', 'Kids', 'Musical', 'Sports']"
Don Chaffey,"['Animals & Nature', 'Drama', 'Family', 'Action-Adventure', 'Coming of Age']"
Vincent McEveety,"['Drama', 'Family', 'Animals & Nature', 'Comedy', 'Action-Adventure', 'Western', 'Science Fiction', 'Mystery']"
Duwayne Dunham,"['Action-Adventure', 'Animals & Nature', 'Family', 'Biographical', 'Sports', 'Comedy', 'Coming of Age', 'Fantasy', 'Buddy', 'Drama']"
Mark Dippé,"['Action-Adventure', 'Comedy', 'Fantasy', 'Coming of Age', 'Music']"
Mary Lambert,"['Action-Adventure', 'Fantasy']"
Bruce Hendricks,"['Concert Film', 'Documentary', 'Music']"
Peter Chelsom,"['Comedy', 'Coming of Age', 'Drama']"
Stuart Gillard,"['Coming of Age', 'Fantasy', 'Action-Adventure', 'Comedy', 'Drama', 'Sports']"
Ben Sharpsteen,"['Animals & Nature', 'Documentary', 'Family', 'Animation', 'Comedy', 'Fantasy']"
Steven Brill,"['Comedy', 'Family']"
Vincent McEveety,"['Drama', 'Family', 'Animals & Nature', 'Comedy', 'Action-Adventure', 'Western', 'Science Fiction', 'Mystery']"
Vincent McEveety,"['Drama', 'Family', 'Animals & Nature', 'Comedy', 'Action-Adventure', 'Western', 'Science Fiction', 'Mystery']"
Robert Stevenson,"['Action-Adventure', 'Fantasy', 'Survival', 'Drama', 'Family', 'Historical', 'Comedy', 'Romance', 'Romantic Comedy', 'Musical', 'Animals & Nature', 'Science Fiction']"
John Musker,"['Action-Adventure', 'Animation', 'Family', 'Comedy', 'Fantasy', 'Mystery']"
 Ron Clements,"['Action-Adventure', 'Animation', 'Comedy', 'Family', 'Mystery']"
Kenny Ortega,"['Coming of Age', 'Fantasy', 'Musical', 'Romance', 'Family', 'Comedy', 'Drama', 'Music']"
Kenny Ortega,"['Coming of Age', 'Fantasy', 'Musical', 'Romance', 'Family', 'Comedy', 'Drama', 'Music']"
Kenny Ortega,"['Coming of Age', 'Fantasy', 'Musical', 'Romance', 'Family', 'Comedy', 'Drama', 'Music']"
Kenny Ortega,"['Coming of Age', 'Fantasy', 'Musical', 'Romance', 'Family', 'Comedy', 'Drama', 'Music']"
Will Finn,"['Animation', 'Comedy', 'Family']"
 John Sanford,"['Animation', 'Comedy', 'Family']"
Randal Kleiser,"['Action-Adventure', 'Science Fiction', 'Comedy', 'Family', 'Animals & Nature', 'Drama']"
Joe Johnston,"['Action-Adventure', 'Family', 'Fantasy', 'Comedy', 'Science Fiction', 'Superhero']"
Dean Cundey,"['Action-Adventure', 'Comedy', 'Fantasy']"
Greg Beeman,"['Coming of Age', 'Drama', 'Romance', 'Sports', 'Biographical', 'Comedy', 'Fantasy']"
Neal Israel,"['Animals & Nature', 'Comedy', 'Coming of Age', 'Science Fiction']"
Paul Hoen,"['Coming of Age', 'Fantasy', 'Musical', 'Music', 'Sports', 'Comedy', 'Mystery', 'Action-Adventure', 'Science Fiction', 'Dance', 'Drama']"
Jack Kinney,"['Animation', 'Family', 'Sports', 'Parody', 'Comedy', 'Action-Adventure', 'Anthology', 'Musical']"
Jack Kinney,"['Animation', 'Family', 'Sports', 'Parody', 'Comedy', 'Action-Adventure', 'Anthology', 'Musical']"
Arlene Sanford,"['Comedy', 'Coming of Age', 'Family', 'Action-Adventure']"
Ricardo Curtis,"['Animation', 'Comedy', 'Family']"
Tim Fywell,"['Coming of Age', 'Drama', 'Romance']"
Leo Matsuda,"['Animation', 'Comedy', 'Family']"
Pete Docter,"['Animation', 'Comedy', 'Family', 'Coming of Age', 'Buddy', 'Action-Adventure']"
David Kellogg,"['Action-Adventure', 'Comedy', 'Family']"
Alex Zamm,"['Comedy', 'Family', 'Action-Adventure', 'Kids']"
Pete McBride,"['Action-Adventure', 'Animals & Nature', 'Documentary']"
Neil Gelinas,"['Action-Adventure', 'Animals & Nature', 'Documentary']"
Ericson Core,"['Action-Adventure', 'Animals & Nature', 'Family', 'Biographical', 'Sports']"
Paul Hoen,"['Coming of Age', 'Fantasy', 'Musical', 'Music', 'Sports', 'Comedy', 'Mystery', 'Action-Adventure', 'Science Fiction', 'Dance', 'Drama']"
Charles Haid,"['Action-Adventure', 'Coming of Age', 'Family', 'Animals & Nature', 'Comedy']"
Francis Coppola,"['Comedy', 'Coming of Age', 'Drama']"
Brad Bird,"['Action-Adventure', 'Animation', 'Family', 'Comedy', 'Science Fiction']"
Henry Selick,"['Action-Adventure', 'Animation', 'Family', 'Fantasy']"
Brett Morgen,"['Animals & Nature', 'Biographical', 'Documentary']"
Eric Bross,"['Coming of Age', 'Drama', 'Sports']"
Steve Boyum,"['Coming of Age', 'Drama', 'Sports', 'Buddy', 'Comedy', 'Family', 'Science Fiction']"
Bruce Hendricks,"['Concert Film', 'Documentary', 'Music']"
Henry Levin,"['Action-Adventure', 'Family', 'Science Fiction']"
Paul Hoen,"['Coming of Age', 'Fantasy', 'Musical', 'Music', 'Sports', 'Comedy', 'Mystery', 'Action-Adventure', 'Science Fiction', 'Dance', 'Drama']"
Michael Lange,"['Action-Adventure', 'Coming of Age']"
John Pasquin,"['Comedy', 'Family', 'Fantasy']"
James Algar,"['Animals & Nature', 'Documentary', 'Family', 'Animation', 'Fantasy', 'Action-Adventure', 'Anthology']"
Paul Glaser,"['Action-Adventure', 'Comedy', 'Family']"
Adam Stein,"['Action-Adventure', 'Comedy', 'Coming of Age']"
 Zach Lipovsky,"['Action-Adventure', 'Comedy', 'Coming of Age']"
Steve Loter,"['Action-Adventure', 'Animation', 'Fantasy', 'Coming of Age']"
Rosana Sullivan,"['Animation', 'Buddy', 'Comedy']"
John Lasseter,"['Animation', 'Comedy', 'Family', 'Kids', 'Drama', 'Action-Adventure', 'Buddy']"
Elliot Bour,"['Animation', 'Comedy', 'Coming of Age', 'Kids', 'Musical']"
 Saul Blinkoff,"['Animation', 'Comedy', 'Coming of Age', 'Kids', 'Musical']"
Enrico Casarosa,"['Animation', 'Buddy', 'Coming of Age', 'Family']"
Charlie Bean,"['Action-Adventure', 'Comedy', 'Family']"
James Murphy,"['Animation', 'Family', 'Musical']"
Michael Hegner,"['Action-Adventure', 'Animation', 'Comedy']"
Michael Hegner,"['Action-Adventure', 'Animation', 'Comedy']"
Michael Hegner,"['Action-Adventure', 'Animation', 'Comedy']"
Michael Hegner,"['Action-Adventure', 'Animation', 'Comedy']"
Michael Hegner,"['Action-Adventure', 'Animation', 'Comedy']"
Patricia Riggen,"['Coming of Age', 'Drama', 'Music']"
Clyde Geronimi,"['Action-Adventure', 'Animation', 'Family', 'Comedy', 'Fantasy', 'Kids', 'Anthology', 'Musical']"
Roberts Gannaway,"['Action-Adventure', 'Animation', 'Comedy']"
 Tony Craig,"['Action-Adventure', 'Animation', 'Comedy']"
Paul Hoen,"['Coming of Age', 'Fantasy', 'Musical', 'Music', 'Sports', 'Comedy', 'Mystery', 'Action-Adventure', 'Science Fiction', 'Dance', 'Drama']"
Charles Haid,"['Action-Adventure', 'Coming of Age', 'Family', 'Animals & Nature', 'Comedy']"
James Lapine,"['Buddy', 'Comedy', 'Coming of Age']"
Steven Tsuchida,"['Comedy', 'Coming of Age', 'Fantasy']"
Gary Rydstrom,"['Action-Adventure', 'Animation', 'Family', 'Comedy']"
Christopher Sanders,"['Action-Adventure', 'Animation', 'Family']"
 Dean DeBlois,"['Action-Adventure', 'Animation', 'Family']"
Tony Leondis,"['Animation', 'Comedy', 'Dance']"
 Michael LaBash,"['Animation', 'Comedy', 'Dance']"
Burt Gillett,"['Animation', 'Family', 'Fantasy', 'Kids', 'Musical']"
Dave Mullins,"['Action-Adventure', 'Animation', 'Comedy']"
Paul Hoen,"['Coming of Age', 'Fantasy', 'Musical', 'Music', 'Sports', 'Comedy', 'Mystery', 'Action-Adventure', 'Science Fiction', 'Dance', 'Drama']"
David Hand,"['Animation', 'Drama', 'Family', 'Comedy', 'Fantasy']"
Charles Nichols,"['Animation', 'Family', 'Comedy']"
Julia Reagan,['Documentary']
Alfred Gimeno,"['Action-Adventure', 'Animation', 'Coming of Age']"
Peyton Reed,"['Action-Adventure', 'Comedy', 'Science Fiction']"
Joss Whedon,"['Action-Adventure', 'Science Fiction', 'Superhero', 'Fantasy']"
Anthony Russo,"['Action-Adventure', 'Fantasy', 'Science Fiction', 'Superhero']"
 Joe Russo,"['Action-Adventure', 'Fantasy', 'Science Fiction', 'Superhero']"
Anthony Russo,"['Action-Adventure', 'Fantasy', 'Science Fiction', 'Superhero']"
 Joe Russo,"['Action-Adventure', 'Fantasy', 'Science Fiction', 'Superhero']"
Joe Johnston,"['Action-Adventure', 'Family', 'Fantasy', 'Comedy', 'Science Fiction', 'Superhero']"
Anthony Russo,"['Action-Adventure', 'Fantasy', 'Science Fiction', 'Superhero']"
 Joe Russo,"['Action-Adventure', 'Fantasy', 'Science Fiction', 'Superhero']"
Anna Boden,"['Action-Adventure', 'Science Fiction', 'Superhero']"
 Ryan Fleck,"['Action-Adventure', 'Science Fiction', 'Superhero']"
Scott Derrickson,"['Action-Adventure', 'Fantasy', 'Superhero']"
James Gunn,"['Action-Adventure', 'Comedy', 'Science Fiction']"
James Gunn,"['Action-Adventure', 'Comedy', 'Science Fiction']"
Jon Favreau,"['Action-Adventure', 'Coming of Age', 'Family', 'Drama', 'Science Fiction', 'Superhero']"
Jon Favreau,"['Action-Adventure', 'Coming of Age', 'Family', 'Drama', 'Science Fiction', 'Superhero']"
Shane Black,"['Action-Adventure', 'Science Fiction', 'Superhero']"
Joss Whedon,"['Action-Adventure', 'Science Fiction', 'Superhero', 'Fantasy']"
Kenneth Branagh,"['Action-Adventure', 'Crime', 'Fantasy', 'Superhero']"
Alan Taylor,"['Action-Adventure', 'Fantasy', 'Science Fiction']"
Robert Stevenson,"['Action-Adventure', 'Fantasy', 'Survival', 'Drama', 'Family', 'Historical', 'Comedy', 'Romance', 'Romantic Comedy', 'Musical', 'Animals & Nature', 'Science Fiction']"
John Lasseter,"['Animation', 'Comedy', 'Family', 'Kids', 'Drama', 'Action-Adventure', 'Buddy']"
Steve Boyum,"['Coming of Age', 'Drama', 'Sports', 'Buddy', 'Comedy', 'Family', 'Science Fiction']"
Stephen Anderson,"['Action-Adventure', 'Animation', 'Family', 'Comedy']"
Clyde Geronimi,"['Action-Adventure', 'Animation', 'Family', 'Comedy', 'Fantasy', 'Kids', 'Anthology', 'Musical']"
 Jack Kinney,"['Animation', 'Anthology', 'Family', 'Comedy', 'Musical']"
 Hamilton Luske,"['Action-Adventure', 'Animation', 'Family', 'Fantasy', 'Comedy', 'Anthology']"
Charles Nichols,"['Animation', 'Family', 'Comedy']"
Donovan Cook,"['Action-Adventure', 'Animation', 'Family']"
Riley Thomson,"['Animation', 'Comedy', 'Family']"
Burny Mattinson,"['Animation', 'Comedy', 'Family']"
Charles Nichols,"['Animation', 'Family', 'Comedy']"
Bradley Raymond,"['Animation', 'Anthology', 'Comedy', 'Action-Adventure', 'Family', 'Fantasy']"
 Jun Falkenstein,"['Animation', 'Anthology', 'Comedy']"
 Bill Speers,"['Animation', 'Anthology', 'Comedy']"
Wilfred Jackson,"['Documentary', 'Family', 'Historical', 'Action-Adventure', 'Animation', 'Fantasy', 'Music', 'Comedy', 'Kids', 'Musical', 'Sports']"
 Walt Disney,"['Animation', 'Comedy', 'Family', 'Kids']"
Ben Sharpsteen,"['Animals & Nature', 'Documentary', 'Family', 'Animation', 'Comedy', 'Fantasy']"
Matthew O'Callaghan,"['Animation', 'Anthology', 'Comedy']"
Ron Underwood,"['Action-Adventure', 'Animals & Nature', 'Family']"
Pete Docter,"['Animation', 'Comedy', 'Family', 'Coming of Age', 'Buddy', 'Action-Adventure']"
 Roger Gould,"['Animation', 'Buddy', 'Comedy']"
Lev Spiro,"['Action-Adventure', 'Comedy', 'Science Fiction']"
Gavin O'Connor,"['Drama', 'Historical', 'Sports']"
Ken Cameron,"['Drama', 'Historical']"
Greg Beeman,"['Coming of Age', 'Drama', 'Romance', 'Sports', 'Biographical', 'Comedy', 'Fantasy']"
Daniel Smith,['Documentary']
John Musker,"['Action-Adventure', 'Animation', 'Family', 'Comedy', 'Fantasy', 'Mystery']"
 Ron Clements,"['Action-Adventure', 'Animation', 'Comedy', 'Family', 'Mystery']"
Stephen Boyum,"['Comedy', 'Fantasy']"
Dan Scanlon,"['Action-Adventure', 'Animation', 'Comedy', 'Buddy']"
Pete Docter,"['Animation', 'Comedy', 'Family', 'Coming of Age', 'Buddy', 'Action-Adventure']"
Steve Boyum,"['Coming of Age', 'Drama', 'Sports', 'Buddy', 'Comedy', 'Family', 'Science Fiction']"
Oz Scott,"['Action-Adventure', 'Family', 'Fantasy', 'Comedy', 'Coming of Age', 'Drama', 'Music']"
Jack King,"['Animation', 'Family', 'Comedy']"
Clyde Geronimi,"['Action-Adventure', 'Animation', 'Family', 'Comedy', 'Fantasy', 'Kids', 'Anthology', 'Musical']"
Darrell Rooney,"['Action-Adventure', 'Animation', 'Family', 'Coming of Age']"
 Lynne Southerland,"['Action-Adventure', 'Animation', 'Family']"
Brian Henson,"['Action-Adventure', 'Comedy', 'Family', 'Drama']"
James Bobin,"['Action-Adventure', 'Fantasy', 'Comedy', 'Family', 'Kids']"
Donald Petrie,"['Comedy', 'Science Fiction']"
Jon Turteltaub,"['Action-Adventure', 'Fantasy', 'Comedy', 'Drama', 'Romance', 'Mystery', 'Thriller', 'Biographical', 'Family']"
Kenny Ortega,"['Coming of Age', 'Fantasy', 'Musical', 'Romance', 'Family', 'Comedy', 'Drama', 'Music']"
Jeff Calhoun,"['Coming of Age', 'Drama', 'Family']"
 Brett Sullivan,"['Coming of Age', 'Drama', 'Family']"
Marc Lawrence,"['Comedy', 'Family', 'Fantasy']"
Duwayne Dunham,"['Action-Adventure', 'Animals & Nature', 'Family', 'Biographical', 'Sports', 'Comedy', 'Coming of Age', 'Fantasy', 'Buddy', 'Drama']"
Stevie Wermers-Skelton,"['Animation', 'Family', 'Fantasy', 'Comedy']"
 Kevin Deters,"['Animation', 'Family', 'Fantasy', 'Comedy']"
Robert Stevenson,"['Action-Adventure', 'Fantasy', 'Survival', 'Drama', 'Family', 'Historical', 'Comedy', 'Romance', 'Romantic Comedy', 'Musical', 'Animals & Nature', 'Science Fiction']"
George Scribner,"['Action-Adventure', 'Animation', 'Musical']"
Kathleen Marshall,"['Comedy', 'Family', 'Fantasy']"
Phillip Borsos,"['Drama', 'Fantasy']"
Mark Andrews,"['Animation', 'Coming of Age', 'Family', 'Comedy']"
 Andrew Jimenez,"['Animation', 'Comedy', 'Family']"
Simon Wincer,"['Action-Adventure', 'Animals & Nature', 'Comedy', 'Drama']"
Sidney Beaumont,['Documentary']
 Michael Bonfiglio,['Documentary']
Peter Sohn,"['Animation', 'Comedy', 'Family', 'Action-Adventure', 'Buddy']"
Kelsey Mann,"['Animation', 'Comedy', 'Family']"
N. Paul Kenworthy,"['Animals & Nature', 'Documentary', 'Family']"
 Ralph Wright,"['Animals & Nature', 'Documentary', 'Family']"
David Lowery,"['Action-Adventure', 'Family', 'Fantasy']"
Hamilton Luske,"['Drama', 'Family', 'Historical', 'Action-Adventure', 'Animation', 'Fantasy', 'Documentary', 'Variety', 'Comedy', 'Anthology']"
 Clyde Geronimi,"['Action-Adventure', 'Animation', 'Family', 'Fantasy', 'Anthology', 'Musical']"
 Wilfred Jackson,"['Action-Adventure', 'Animation', 'Family']"
Robin Budd,"['Action-Adventure', 'Animation', 'Family']"
Blair Treu,"['Comedy', 'Coming of Age']"
Dan Povenmire,"['Action-Adventure', 'Animation', 'Comedy']"
 Robert Hughes,"['Action-Adventure', 'Animation', 'Comedy']"
Robert Hughes,"['Action-Adventure', 'Animation', 'Comedy']"
 Sue Perrotto,"['Action-Adventure', 'Animation', 'Comedy']"
Francis Glebas,"['Action-Adventure', 'Animation', 'Kids']"
Ben Sharpsteen,"['Animals & Nature', 'Documentary', 'Family', 'Animation', 'Comedy', 'Fantasy']"
 Hamilton Luske,"['Action-Adventure', 'Animation', 'Family', 'Fantasy', 'Comedy', 'Anthology']"
Alan Barillaro,"['Animals & Nature', 'Animation', 'Family']"
Gore Verbinski,"['Action-Adventure', 'Fantasy']"
Gore Verbinski,"['Action-Adventure', 'Fantasy']"
Gore Verbinski,"['Action-Adventure', 'Fantasy']"
Mark Dippé,"['Action-Adventure', 'Comedy', 'Fantasy', 'Coming of Age', 'Music']"
Charles Nichols,"['Animation', 'Family', 'Comedy']"
Jack Hannah,"['Animation', 'Family', 'Fantasy', 'Sports', 'Comedy', 'Kids']"
Charles Nichols,"['Animation', 'Family', 'Comedy']"
Charles Nichols,"['Animation', 'Family', 'Comedy']"
Mike Gabriel,"['Action-Adventure', 'Animation', 'Family']"
 Eric Goldberg,"['Animation', 'Family', 'Fantasy', 'Action-Adventure']"
Bradley Raymond,"['Animation', 'Anthology', 'Comedy', 'Action-Adventure', 'Family', 'Fantasy']"
 Tom Ellery,"['Action-Adventure', 'Animation', 'Family']"
David Swift,"['Coming of Age', 'Drama', 'Family', 'Comedy', 'Romance']"
Karl Geurs,"['Action-Adventure', 'Animation', 'Kids']"
Frank Nissen,"['Animation', 'Fantasy', 'Kids', 'Action-Adventure']"
Doug Sweetland,"['Animation', 'Family', 'Kids']"
Allison Liddi-Brown,"['Buddy', 'Comedy', 'Coming of Age']"
Kristen Lester,"['Animation', 'Comedy', 'Family']"
Mira Nair,"['Biographical', 'Drama', 'Sports']"
Bill Corcoran,"['Comedy', 'Coming of Age']"
Brad Bird,"['Action-Adventure', 'Animation', 'Family', 'Comedy', 'Science Fiction']"
Paul Hoen,"['Coming of Age', 'Fantasy', 'Musical', 'Music', 'Sports', 'Comedy', 'Mystery', 'Action-Adventure', 'Science Fiction', 'Dance', 'Drama']"
Duwayne Dunham,"['Action-Adventure', 'Animals & Nature', 'Family', 'Biographical', 'Sports', 'Comedy', 'Coming of Age', 'Fantasy', 'Buddy', 'Drama']"
Howy Parkins,"['Animation', 'Comedy', 'Family']"
 Chuck Sheetz,"['Animation', 'Comedy', 'Family']"
Chuck Sheetz,"['Animation', 'Comedy', 'Family']"
Howy Parkins,"['Animation', 'Comedy', 'Family']"
John Lasseter,"['Animation', 'Comedy', 'Family', 'Kids', 'Drama', 'Action-Adventure', 'Buddy']"
Boaz Yakin,"['Drama', 'Historical', 'Sports']"
Charles Nichols,"['Animation', 'Family', 'Comedy']"
John Hough,"['Action-Adventure', 'Family', 'Fantasy', 'Science Fiction']"
David Jackson,"['Buddy', 'Coming of Age', 'Drama', 'Family', 'Fantasy']"
Walter Murch,"['Action-Adventure', 'Family', 'Fantasy']"
John Murlowski,"['Action-Adventure', 'Comedy', 'Family']"
Duwayne Dunham,"['Action-Adventure', 'Animals & Nature', 'Family', 'Biographical', 'Sports', 'Comedy', 'Coming of Age', 'Fantasy', 'Buddy', 'Drama']"
Josh Cooley,"['Action-Adventure', 'Animation', 'Comedy', 'Family', 'Coming of Age']"
Joyce Chopra,"['Coming of Age', 'Drama']"
Wolfgang Reitherman,"['Action-Adventure', 'Animation', 'Family', 'Comedy', 'Kids', 'Musical']"
Gareth Edwards,"['Action-Adventure', 'Science Fiction']"
George Butler,"['Documentary', 'Family']"
Euzhan Palcy,"['Biographical', 'Drama', 'Historical']"
Jon Long,"['Animals & Nature', 'Documentary', 'Family']"
Bill Roberts,"['Animation', 'Family', 'Fantasy', 'Comedy', 'Action-Adventure']"
 Jack Kinney,"['Animation', 'Anthology', 'Family', 'Comedy', 'Musical']"
 Ham Luske,"['Animation', 'Comedy', 'Family']"
Norman Tokar,"['Biographical', 'Coming of Age', 'Family', 'Comedy', 'Crime', 'Animals & Nature', 'Sports', 'Western', 'Science Fiction', 'Drama']"
Sanjay Patel,"['Action-Adventure', 'Animation', 'Family']"
Robert Vince,"['Comedy', 'Fantasy', 'Kids', 'Action-Adventure', 'Drama', 'Family', 'Musical']"
Wilfred Jackson,"['Documentary', 'Family', 'Historical', 'Action-Adventure', 'Animation', 'Fantasy', 'Music', 'Comedy', 'Kids', 'Musical', 'Sports']"
John Hancock,"['Biographical', 'Drama', 'Historical', 'Family', 'Sports']"
Cristina Costantini,"['Documentary', 'Family']"
 Darren Foster,"['Documentary', 'Family']"
Robert Nixon,"['Action-Adventure', 'Animals & Nature', 'Documentary']"
Peggy Holmes,"['Action-Adventure', 'Animation', 'Family', 'Fantasy', 'Kids', 'Drama']"
Randall Wallace,"['Animals & Nature', 'Biographical', 'Drama']"
Bob Strange,"['Documentary', 'Historical']"
James Algar,"['Animals & Nature', 'Documentary', 'Family', 'Animation', 'Fantasy', 'Action-Adventure', 'Anthology']"
Michael Lembeck,"['Comedy', 'Coming of Age', 'Music', 'Family', 'Fantasy']"
Nils Gaup,"['Action-Adventure', 'Coming of Age', 'Family']"
David Silverman,"['Animation', 'Comedy', 'Fantasy', 'Parody', 'Action-Adventure']"
Emile Ardolino,"['Comedy', 'Crime', 'Family', 'Buddy', 'Romance']"
Bill Duke,"['Comedy', 'Family', 'Music']"
Ralph Hemecker,"['Action-Adventure', 'Science Fiction']"
Clyde Geronimi,"['Action-Adventure', 'Animation', 'Family', 'Comedy', 'Fantasy', 'Kids', 'Anthology', 'Musical']"
LeVar Burton,"['Comedy', 'Coming of Age', 'Drama']"
Brian Larsen,"['Animation', 'Buddy', 'Family', 'Fantasy']"
David Hand,"['Animation', 'Drama', 'Family', 'Comedy', 'Fantasy']"
Norman Tokar,"['Biographical', 'Coming of Age', 'Family', 'Comedy', 'Crime', 'Animals & Nature', 'Sports', 'Western', 'Science Fiction', 'Drama']"
Ron Lagomarsino,"['Comedy', 'Family', 'Fantasy']"
Bill Roberts,"['Animation', 'Family', 'Fantasy', 'Comedy', 'Action-Adventure']"
George Lucas,"['Action-Adventure', 'Science Fiction']"
George Lucas,"['Action-Adventure', 'Science Fiction']"
Richard Marquand,"['Action-Adventure', 'Science Fiction']"
George Lucas,"['Action-Adventure', 'Science Fiction']"
Irvin Kershner,"['Action-Adventure', 'Science Fiction']"
J.J. Abrams,"['Action-Adventure', 'Family', 'Science Fiction']"
George Lucas,"['Action-Adventure', 'Science Fiction']"
Michael Grossman,"['Comedy', 'Coming of Age', 'Music']"
Walt Disney,"['Animation', 'Comedy', 'Family', 'Kids', 'Fantasy']"
 Ub Iwerks,"['Animation', 'Family', 'Kids']"
Steve Boyum,"['Coming of Age', 'Drama', 'Sports', 'Buddy', 'Comedy', 'Family', 'Science Fiction']"
Tony Craig,"['Action-Adventure', 'Animation', 'Comedy', 'Family']"
 Bobs Gannaway,"['Animation', 'Comedy', 'Family']"
Christopher Spencer,['Documentary']
Savage Holland,"['Comedy', 'Coming of Age', 'Music']"
Ed Abroms,"['Action-Adventure', 'Animals & Nature', 'Family']"
Robert Vince,"['Comedy', 'Fantasy', 'Kids', 'Action-Adventure', 'Drama', 'Family', 'Musical']"
Edward Ludwig,"['Action-Adventure', 'Family', 'Survival']"
Jeremiah Chechik,"['Action-Adventure', 'Western']"
Nathan Greno,"['Animation', 'Family', 'Action-Adventure', 'Comedy']"
 Byron Howard,"['Animation', 'Family', 'Action-Adventure', 'Comedy']"
Tom Caulfield,"['Animation', 'Coming of Age', 'Fantasy']"
 Stephen Sandoval,"['Animation', 'Coming of Age', 'Fantasy']"
Steve Loter,"['Action-Adventure', 'Animation', 'Fantasy', 'Coming of Age']"
Timothy Björklund,"['Animation', 'Comedy', 'Family']"
Jeffrey Hornaday,"['Comedy', 'Coming of Age', 'Drama', 'Fantasy', 'Musical']"
Jeffrey Hornaday,"['Comedy', 'Coming of Age', 'Drama', 'Fantasy', 'Musical']"
Gil Junger,"['Comedy', 'Coming of Age', 'Romance', 'Buddy']"
Bob Spiers,"['Animals & Nature', 'Comedy', 'Family']"
Robert Stevenson,"['Action-Adventure', 'Fantasy', 'Survival', 'Drama', 'Family', 'Historical', 'Comedy', 'Romance', 'Romantic Comedy', 'Musical', 'Animals & Nature', 'Science Fiction']"
Robert Stevenson,"['Action-Adventure', 'Fantasy', 'Survival', 'Drama', 'Family', 'Historical', 'Comedy', 'Romance', 'Romantic Comedy', 'Musical', 'Animals & Nature', 'Science Fiction']"
Alvy Smith,"['Animation', 'Kids']"
James Neilson,"['Crime', 'Drama', 'Mystery', 'Action-Adventure', 'Comedy', 'Family']"
Stephen Sommers,"['Action-Adventure', 'Coming of Age', 'Drama']"
Jack Kinney,"['Animation', 'Family', 'Sports', 'Parody', 'Comedy', 'Action-Adventure', 'Anthology', 'Musical']"
 Clyde Geronimi,"['Action-Adventure', 'Animation', 'Family', 'Fantasy', 'Anthology', 'Musical']"
 James Algar,"['Animation', 'Family', 'Fantasy', 'Action-Adventure', 'Anthology']"
James Algar,"['Animals & Nature', 'Documentary', 'Family', 'Animation', 'Fantasy', 'Action-Adventure', 'Anthology']"
Norman Tokar,"['Biographical', 'Coming of Age', 'Family', 'Comedy', 'Crime', 'Animals & Nature', 'Sports', 'Western', 'Science Fiction', 'Drama']"
Vincent McEveety,"['Drama', 'Family', 'Animals & Nature', 'Comedy', 'Action-Adventure', 'Western', 'Science Fiction', 'Mystery']"
Wolfgang Reitherman,"['Action-Adventure', 'Animation', 'Family', 'Comedy', 'Kids', 'Musical']"
Jack Kinney,"['Animation', 'Family', 'Sports', 'Parody', 'Comedy', 'Action-Adventure', 'Anthology', 'Musical']"
Wilfred Jackson,"['Documentary', 'Family', 'Historical', 'Action-Adventure', 'Animation', 'Fantasy', 'Music', 'Comedy', 'Kids', 'Musical', 'Sports']"
 Walt Disney,"['Animation', 'Comedy', 'Family', 'Kids']"
Bernard McEveety,"['Animals & Nature', 'Drama', 'Family']"
Burt Gillett,"['Animation', 'Family', 'Fantasy', 'Kids', 'Musical']"
Vincent McEveety,"['Drama', 'Family', 'Animals & Nature', 'Comedy', 'Action-Adventure', 'Western', 'Science Fiction', 'Mystery']"
Ted Berman,"['Action-Adventure', 'Animation', 'Coming of Age', 'Buddy']"
 Richard Rich,"['Action-Adventure', 'Animation', 'Coming of Age', 'Buddy']"
Gary Nelson,"['Action-Adventure', 'Animals & Nature', 'Drama', 'Science Fiction', 'Thriller']"
Saschka Unseld,"['Animation', 'Family', 'Kids']"
Robert Ramirez,"['Action-Adventure', 'Animation', 'Kids']"
Vincent McEveety,"['Drama', 'Family', 'Animals & Nature', 'Comedy', 'Action-Adventure', 'Western', 'Science Fiction', 'Mystery']"
Oz Scott,"['Action-Adventure', 'Family', 'Fantasy', 'Comedy', 'Coming of Age', 'Drama', 'Music']"
Kenny Ortega,"['Coming of Age', 'Fantasy', 'Musical', 'Romance', 'Family', 'Comedy', 'Drama', 'Music']"
Paul Hoen,"['Coming of Age', 'Fantasy', 'Musical', 'Music', 'Sports', 'Comedy', 'Mystery', 'Action-Adventure', 'Science Fiction', 'Dance', 'Drama']"
Alan Shapiro,"['Crime', 'Drama', 'Family']"
Andrew Adamson,"['Action-Adventure', 'Family', 'Fantasy']"
Andrew Adamson,"['Action-Adventure', 'Family', 'Fantasy']"
Kevin Hooks,"['Biographical', 'Drama']"
Robert Butler,"['Comedy', 'Crime', 'Science Fiction']"
Peter Hastings,"['Comedy', 'Music']"
Mark Dindal,"['Animation', 'Comedy', 'Disaster', 'Action-Adventure', 'Family']"
Sean McNamara,"['Action-Adventure', 'Comedy', 'Coming of Age']"
Brad Bestelink,"['Animals & Nature', 'Documentary']"
Art Stevens,"['Action-Adventure', 'Animation', 'Buddy', 'Comedy']"
 Ted Berman,"['Action-Adventure', 'Animation', 'Buddy']"
 Richard Rich,"['Action-Adventure', 'Animation', 'Coming of Age', 'Buddy']"
Jim Kammerud,"['Action-Adventure', 'Animation', 'Buddy', 'Drama', 'Fantasy']"
Andy Fickman,"['Comedy', 'Action-Adventure', 'Family', 'Science Fiction', 'Sports']"
Bruce Bilson,"['Comedy', 'Family', 'Fantasy']"
Wilfred Jackson,"['Documentary', 'Family', 'Historical', 'Action-Adventure', 'Animation', 'Fantasy', 'Music', 'Comedy', 'Kids', 'Musical', 'Sports']"
Walt Disney,"['Animation', 'Comedy', 'Family', 'Kids', 'Fantasy']"
Peter Sohn,"['Animation', 'Comedy', 'Family', 'Action-Adventure', 'Buddy']"
Jim Henson,"['Comedy', 'Crime', 'Family']"
Bill Paxton,"['Biographical', 'Sports']"
Rob Minkoff,"['Action-Adventure', 'Animation', 'Comedy', 'Family', 'Fantasy']"
Jack King,"['Animation', 'Family', 'Comedy']"
Gary Trousdale,"['Action-Adventure', 'Animation', 'Family']"
 Kirk Wise,"['Action-Adventure', 'Animation', 'Family']"
Bradley Raymond,"['Animation', 'Anthology', 'Comedy', 'Action-Adventure', 'Family', 'Fantasy']"
Fletcher Markle,"['Action-Adventure', 'Animals & Nature', 'Family']"
Brad Bird,"['Action-Adventure', 'Animation', 'Family', 'Comedy', 'Science Fiction']"
Jeremy Kagan,"['Action-Adventure', 'Coming of Age', 'Drama']"
Steve Trenbirth,"['Action-Adventure', 'Animation', 'Kids']"
Nick Marck,"['Action-Adventure', 'Coming of Age', 'Family']"
Brian Larsen,"['Animation', 'Buddy', 'Family', 'Fantasy']"
Bradley Raymond,"['Animation', 'Anthology', 'Comedy', 'Action-Adventure', 'Family', 'Fantasy']"
Darrell Rooney,"['Action-Adventure', 'Animation', 'Family', 'Coming of Age']"
Ron Clements,"['Action-Adventure', 'Animation', 'Family', 'Comedy', 'Fantasy', 'Mystery']"
 John Musker,"['Action-Adventure', 'Animation', 'Family', 'Fantasy']"
Jim Kammerud,"['Action-Adventure', 'Animation', 'Buddy', 'Drama', 'Fantasy']"
Peggy Holmes,"['Action-Adventure', 'Animation', 'Family', 'Fantasy', 'Kids', 'Drama']"
Riley Thomas,"['Animation', 'Family', 'Kids']"
James Algar,"['Animals & Nature', 'Documentary', 'Family', 'Animation', 'Fantasy', 'Action-Adventure', 'Anthology']"
Jim Fall,"['Comedy', 'Coming of Age', 'Family']"
Duncan Singh,"['Documentary', 'Historical']"
Robert Stevenson,"['Action-Adventure', 'Fantasy', 'Survival', 'Drama', 'Family', 'Historical', 'Comedy', 'Romance', 'Romantic Comedy', 'Musical', 'Animals & Nature', 'Science Fiction']"
Wolfgang Reitherman,"['Action-Adventure', 'Animation', 'Family', 'Comedy', 'Kids', 'Musical']"
 John Lounsbery,"['Animation', 'Kids', 'Musical', 'Action-Adventure', 'Comedy']"
Vincent McEveety,"['Drama', 'Family', 'Animals & Nature', 'Comedy', 'Action-Adventure', 'Western', 'Science Fiction', 'Mystery']"
Paul Hoen,"['Coming of Age', 'Fantasy', 'Musical', 'Music', 'Sports', 'Comedy', 'Mystery', 'Action-Adventure', 'Science Fiction', 'Dance', 'Drama']"
Brian Henson,"['Action-Adventure', 'Comedy', 'Family', 'Drama']"
James Frawley,"['Action-Adventure', 'Comedy', 'Family']"
James Bobin,"['Action-Adventure', 'Fantasy', 'Comedy', 'Family', 'Kids']"
Wilfred Jackson,"['Documentary', 'Family', 'Historical', 'Action-Adventure', 'Animation', 'Fantasy', 'Music', 'Comedy', 'Kids', 'Musical', 'Sports']"
Jack Kinney,"['Animation', 'Family', 'Sports', 'Parody', 'Comedy', 'Action-Adventure', 'Anthology', 'Musical']"
Nancy Meyers,"['Comedy', 'Family', 'Romance']"
David Swift,"['Coming of Age', 'Drama', 'Family', 'Comedy', 'Romance']"
Wilfred Jackson,"['Documentary', 'Family', 'Historical', 'Action-Adventure', 'Animation', 'Fantasy', 'Music', 'Comedy', 'Kids', 'Musical', 'Sports']"
Wilfred Jackson,"['Documentary', 'Family', 'Historical', 'Action-Adventure', 'Animation', 'Fantasy', 'Music', 'Comedy', 'Kids', 'Musical', 'Sports']"
 William Beaudine,"['Documentary', 'Family']"
Neal Israel,"['Animals & Nature', 'Comedy', 'Coming of Age', 'Science Fiction']"
Don Chaffey,"['Animals & Nature', 'Drama', 'Family', 'Action-Adventure', 'Coming of Age']"
John Musker,"['Action-Adventure', 'Animation', 'Family', 'Comedy', 'Fantasy', 'Mystery']"
 Ron Clements,"['Action-Adventure', 'Animation', 'Comedy', 'Family', 'Mystery']"
Garry Marshall,"['Comedy', 'Coming of Age', 'Family', 'Romance']"
Garry Marshall,"['Comedy', 'Coming of Age', 'Family', 'Romance']"
Bruce Smith,"['Animation', 'Comedy', 'Family']"
Alfred Werker,"['Animation', 'Comedy', 'Family']"
Wolfgang Reitherman,"['Action-Adventure', 'Animation', 'Family', 'Comedy', 'Kids', 'Musical']"
 John Lounsbery,"['Animation', 'Kids', 'Musical', 'Action-Adventure', 'Comedy']"
 Art Stevens,"['Action-Adventure', 'Animation', 'Comedy']"
Hendel Butoy,"['Animation', 'Family', 'Fantasy', 'Action-Adventure']"
 Mike Gabriel,"['Action-Adventure', 'Animation', 'Family']"
John Hancock,"['Biographical', 'Drama', 'Historical', 'Family', 'Sports']"
John Pasquin,"['Comedy', 'Family', 'Fantasy']"
Michael Lembeck,"['Comedy', 'Coming of Age', 'Music', 'Family', 'Fantasy']"
Michael Lembeck,"['Comedy', 'Coming of Age', 'Music', 'Family', 'Fantasy']"
Stuart Gillard,"['Coming of Age', 'Fantasy', 'Action-Adventure', 'Comedy', 'Drama', 'Sports']"
朱家欣 ,['Fantasy']
 钟智行,['Fantasy']
Robert Stevenson,"['Action-Adventure', 'Fantasy', 'Survival', 'Drama', 'Family', 'Historical', 'Comedy', 'Romance', 'Romantic Comedy', 'Musical', 'Animals & Nature', 'Science Fiction']"
Charles Barton,"['Comedy', 'Family', 'Fantasy']"
Lewis Foster,"['Action-Adventure', 'Drama', 'Family']"
 Norman Foster,"['Action-Adventure', 'Drama', 'Family']"
Charles Nichols,"['Animation', 'Family', 'Comedy']"
Robert Wise,"['Biographical', 'Family', 'Historical']"
Ken Annakin,"['Action-Adventure', 'Coming of Age', 'Family']"
Vincent McEveety,"['Drama', 'Family', 'Animals & Nature', 'Comedy', 'Action-Adventure', 'Western', 'Science Fiction', 'Mystery']"
Sean McNamara,"['Action-Adventure', 'Comedy', 'Coming of Age']"
Jay Karas,"['Comedy', 'Coming of Age', 'Fantasy']"
Duwayne Dunham,"['Action-Adventure', 'Animals & Nature', 'Family', 'Biographical', 'Sports', 'Comedy', 'Coming of Age', 'Fantasy', 'Buddy', 'Drama']"
Norman Ferguson,"['Animation', 'Family', 'Musical']"
 Clyde Geronimi,"['Action-Adventure', 'Animation', 'Family', 'Fantasy', 'Anthology', 'Musical']"
 Jack Kinney,"['Animation', 'Anthology', 'Family', 'Comedy', 'Musical']"
Stephen Herek,"['Drama', 'Music', 'Comedy', 'Sports', 'Action-Adventure', 'Family']"
Jun Falkenstein,"['Animation', 'Anthology', 'Comedy', 'Action-Adventure', 'Kids']"
Wilfred Jackson,"['Documentary', 'Family', 'Historical', 'Action-Adventure', 'Animation', 'Fantasy', 'Music', 'Comedy', 'Kids', 'Musical', 'Sports']"
Norman Tokar,"['Biographical', 'Coming of Age', 'Family', 'Comedy', 'Crime', 'Animals & Nature', 'Sports', 'Western', 'Science Fiction', 'Drama']"
Jack Cutting,"['Animation', 'Family']"
Greg Beeman,"['Coming of Age', 'Drama', 'Romance', 'Sports', 'Biographical', 'Comedy', 'Fantasy']"
James Algar,"['Animals & Nature', 'Documentary', 'Family', 'Animation', 'Fantasy', 'Action-Adventure', 'Anthology']"
Steve Williams,"['Action-Adventure', 'Animation', 'Comedy']"
Wilfred Jackson,"['Documentary', 'Family', 'Historical', 'Action-Adventure', 'Animation', 'Fantasy', 'Music', 'Comedy', 'Kids', 'Musical', 'Sports']"
Victor Gonzalez,"['Comedy', 'Coming of Age', 'Fantasy']"
Simon Wincer,"['Action-Adventure', 'Animals & Nature', 'Comedy', 'Drama']"
Dave Hand,"['Animation', 'Family', 'Parody', 'Comedy']"
Michael Switzer,"['Drama', 'Fantasy']"
Burt Gillett,"['Animation', 'Family', 'Fantasy', 'Kids', 'Musical']"
Dave Hand,"['Animation', 'Family', 'Parody', 'Comedy']"
Leonard Nimoy,"['Buddy', 'Comedy']"
Emile Ardolino,"['Comedy', 'Crime', 'Family', 'Buddy', 'Romance']"
Dave Hand,"['Animation', 'Family', 'Parody', 'Comedy']"
Duwayne Dunham,"['Action-Adventure', 'Animals & Nature', 'Family', 'Biographical', 'Sports', 'Comedy', 'Coming of Age', 'Fantasy', 'Buddy', 'Drama']"
Henry Selick,"['Action-Adventure', 'Animation', 'Family', 'Fantasy']"
John Lasseter,"['Animation', 'Comedy', 'Family', 'Kids', 'Drama', 'Action-Adventure', 'Buddy']"
Bradley Raymond,"['Animation', 'Anthology', 'Comedy', 'Action-Adventure', 'Family', 'Fantasy']"
Bradley Raymond,"['Animation', 'Anthology', 'Comedy', 'Action-Adventure', 'Family', 'Fantasy']"
Klay Hall,"['Action-Adventure', 'Animation', 'Comedy', 'Fantasy']"
Thomas Grane,"['Documentary', 'Historical']"
Wilfred Jackson,"['Documentary', 'Family', 'Historical', 'Action-Adventure', 'Animation', 'Fantasy', 'Music', 'Comedy', 'Kids', 'Musical', 'Sports']"
Peter Hewitt,"['Comedy', 'Family', 'Action-Adventure', 'Coming of Age']"
John Lasseter,"['Animation', 'Comedy', 'Family', 'Kids', 'Drama', 'Action-Adventure', 'Buddy']"
John Lasseter,"['Animation', 'Comedy', 'Family', 'Kids', 'Drama', 'Action-Adventure', 'Buddy']"
Lee Unkrich,"['Animation', 'Family', 'Fantasy', 'Comedy', 'Drama']"
Gary Rydstrom,"['Action-Adventure', 'Animation', 'Family', 'Comedy']"
Mark Walsh,"['Animation', 'Comedy', 'Family']"
Angus MacLane,"['Animation', 'Comedy', 'Family', 'Action-Adventure', 'Kids']"
Zhong Yu,"['Action-Adventure', 'Animals & Nature', 'Family']"
Jack Hannah,"['Animation', 'Family', 'Fantasy', 'Sports', 'Comedy', 'Kids']"
Byron Haskin,"['Action-Adventure', 'Family']"
Vincent McEveety,"['Drama', 'Family', 'Animals & Nature', 'Comedy', 'Action-Adventure', 'Western', 'Science Fiction', 'Mystery']"
John Musker,"['Action-Adventure', 'Animation', 'Family', 'Comedy', 'Fantasy', 'Mystery']"
 Ron Clements,"['Action-Adventure', 'Animation', 'Comedy', 'Family', 'Mystery']"
Steven Lisberger,"['Action-Adventure', 'Family', 'Science Fiction']"
Paul Hoen,"['Coming of Age', 'Fantasy', 'Musical', 'Music', 'Sports', 'Comedy', 'Mystery', 'Action-Adventure', 'Science Fiction', 'Dance', 'Drama']"
Jay Russell,"['Coming of Age', 'Drama', 'Fantasy']"
Clyde Geronimi,"['Action-Adventure', 'Animation', 'Family', 'Comedy', 'Fantasy', 'Kids', 'Anthology', 'Musical']"
Nick Castle,"['Comedy', 'Crime', 'Fantasy']"
Stuart Gillard,"['Coming of Age', 'Fantasy', 'Action-Adventure', 'Comedy', 'Drama', 'Sports']"
Stuart Gillard,"['Coming of Age', 'Fantasy', 'Action-Adventure', 'Comedy', 'Drama', 'Sports']"
Russ Mayberry,"['Action-Adventure', 'Comedy', 'Family']"
Pete Docter,"['Animation', 'Comedy', 'Family', 'Coming of Age', 'Buddy', 'Action-Adventure']"
Robert Townsend,"['Comedy', 'Coming of Age', 'Fantasy']"
Gary Chapman,"['Action-Adventure', 'Animation', 'Comedy']"
Don Hahn,"['Biographical', 'Documentary', 'Music']"
Andrew Stanton,"['Action-Adventure', 'Family', 'Fantasy', 'Animation', 'Comedy']"
John Laing,"['Action-Adventure', 'Coming of Age', 'Fantasy']"
Dereck Joubert,"['Animals & Nature', 'Documentary', 'Action-Adventure', 'Family']"
Randal Kleiser,"['Action-Adventure', 'Science Fiction', 'Comedy', 'Family', 'Animals & Nature', 'Drama']"
Robert Zemeckis,"['Animation', 'Fantasy', 'Action-Adventure', 'Comedy']"
Molly Hermann,"['Action-Adventure', 'Animals & Nature', 'Documentary']"
Stephen Anderson,"['Action-Adventure', 'Animation', 'Family', 'Comedy']"
 Don Hall,"['Animation', 'Comedy', 'Family']"
Ed Wexler,"['Animation', 'Kids']"
 Gary Katona,"['Animation', 'Kids']"
 Jamie Mitchell,"['Animation', 'Kids']"
Elliot Bour,"['Animation', 'Comedy', 'Coming of Age', 'Kids', 'Musical']"
 Saul Blinkoff,"['Animation', 'Comedy', 'Coming of Age', 'Kids', 'Musical']"
Jack Hannah,"['Animation', 'Family', 'Fantasy', 'Sports', 'Comedy', 'Kids']"
Lev L. Spiro,"['Comedy', 'Coming of Age', 'Family', 'Action-Adventure']"
Rich Moore,"['Action-Adventure', 'Animation', 'Comedy', 'Family']"
Bert Gillett,"['Animation', 'Comedy', 'Family']"
Charles Draper,"['Animals & Nature', 'Comedy', 'Family']"
Paul Schneider,"['Comedy', 'Coming of Age', 'Science Fiction', 'Fantasy']"
Paul Hoen,"['Coming of Age', 'Fantasy', 'Musical', 'Music', 'Sports', 'Comedy', 'Mystery', 'Action-Adventure', 'Science Fiction', 'Dance', 'Drama']"
Jim Capobianco,"['Animation', 'Comedy', 'Family']"
Paul Hoen,"['Coming of Age', 'Fantasy', 'Musical', 'Music', 'Sports', 'Comedy', 'Mystery', 'Action-Adventure', 'Science Fiction', 'Dance', 'Drama']"
Peter DeLuise,"['Comedy', 'Coming of Age', 'Science Fiction']"
Kenneth Johnson,"['Coming of Age', 'Fantasy', 'Comedy', 'Science Fiction']"
Manny Coto,"['Comedy', 'Science Fiction']"
Steve Rash,"['Comedy', 'Coming of Age', 'Science Fiction']"
Byron Howard,"['Animation', 'Family', 'Action-Adventure', 'Comedy']"
 Rich Moore,"['Animation', 'Comedy', 'Family']"
Robert Stevenson,"['Action-Adventure', 'Fantasy', 'Survival', 'Drama', 'Family', 'Historical', 'Comedy', 'Romance', 'Romantic Comedy', 'Musical', 'Animals & Nature', 'Science Fiction']"
Robert Stevenson,"['Action-Adventure', 'Fantasy', 'Survival', 'Drama', 'Family', 'Historical', 'Comedy', 'Romance', 'Romantic Comedy', 'Musical', 'Animals & Nature', 'Science Fiction']"
Bill Roberts,"['Animation', 'Family', 'Fantasy', 'Comedy', 'Action-Adventure']"
Hollingsworth Morse,"['Animals & Nature', 'Biographical', 'Drama']"
Darrell Rooney,"['Action-Adventure', 'Animation', 'Family', 'Coming of Age']"
Norman Tokar,"['Biographical', 'Coming of Age', 'Family', 'Comedy', 'Crime', 'Animals & Nature', 'Sports', 'Western', 'Science Fiction', 'Drama']"
John Musker,"['Action-Adventure', 'Animation', 'Family', 'Comedy', 'Fantasy', 'Mystery']"
 Ron Clements,"['Action-Adventure', 'Animation', 'Comedy', 'Family', 'Mystery']"
 Dave Michener,"['Animation', 'Family', 'Mystery']"
Wolfgang Reitherman,"['Action-Adventure', 'Animation', 'Family', 'Comedy', 'Kids', 'Musical']"
Norman Tokar,"['Biographical', 'Coming of Age', 'Family', 'Comedy', 'Crime', 'Animals & Nature', 'Sports', 'Western', 'Science Fiction', 'Drama']"
Brad Bird,"['Action-Adventure', 'Animation', 'Family', 'Comedy', 'Science Fiction']"
Elizabeth Allen Rosenbaum,"['Comedy', 'Coming of Age', 'Fantasy']"
Carlos Saldanha,"['Animation', 'Comedy', 'Family', 'Action-Adventure']"
Gavin Hood,"['Action-Adventure', 'Family', 'Science Fiction']"
Shawn Levy,"['Action-Adventure', 'Comedy', 'Family']"
Dexter Fletcher,"['Biographical', 'Comedy', 'Drama']"
Gurinder Chadha,"['Buddy', 'Comedy', 'Coming of Age']"
Mark Waring,"['Action-Adventure', 'Animals & Nature', 'Animation']"
