Director,Appearances
Kirsten Johnson,1
Julien Leclercq,3
Mike Flanagan,4
Robert Cullen,1
 José Luis Ucha,1
Haile Gerima,1
Andy Devonshire,1
Theodore Melfi,1
Kongkiat Komesiri,1
Christian Schwochow,1
Bruno Garotti,4
Pedro de Echave García,1
 Pablo Azorín Williams,1
Adam Salky,1
Olivier Megaton,2
K.S. Ravikumar,1
Alex Woo,3
 Stanley Moore,3
S. Shankar,1
Rajiv Menon,3
Dennis Dugan,4
Scott Stewart,2
Robert Luketic,6
Ashwiny Iyer Tiwari,2
 Abhishek Chaubey,2
 Saket Chaudhary,1
Daniel Sandu,1
Cédric Jimenez,1
George Nolfi,1
Steven Spielberg,11
Jeannot Szwarc,1
Joe Alves,1
Joseph Sargent,1
Tyler Greco,1
Daniel Espinosa,1
Bunmi Ajakaiye,2
Antoine Fuqua,4
Toshiya Shinohara,7
Masahiko Murata,4
Hajime Kamegaki,2
Hirotsugu Kawasaki,1
Toshiyuki Tsuru,1
Tensai Okamura,2
David Yarovesky,1
Hanns-Bruno Kammertöns,1
 Vanessa Nöcker,1
 Michael Wech,1
David A. Vargas,1
Kemi Adetiba,3
Ben Simms,2
Prakash Satam,7
Delhiprasad Deenadayalan,2
Tomer Eshed,1
Cedric Nicolas-Troyan,1
JJC Skillz,1
 Funke Akindele,1
Thomas Sieben,2
Marcus Clarke,1
Alice Waddington,1
Mona Achache,1
 Patricia Tourancheau,1
Alexis Almström,1
Raja Gosnell,4
Stephen Kijak,1
Chapman Way,3
 Maclain Way,3
Jason Hehir,1
Yemi Amodu,1
Lijo Jose Pellissery,1
David de Vos,1
Luis Alfaro,1
 Javier Gómez Santander,1
Sara Colangelo,2
Stephen Herek,2
Rahul Rawail,1
Jane Campion,3
Nagesh Kukunoor,5
Luke Holland,1
Shanker Raman,1
JP Habac,2
Vidhu Vinod Chopra,1
Mark Rosman,1
Gilles Paquet-Brenner,3
Lasse Hallström,7
Scott Pleydell-Pearce,1
Ridley Scott,2
Neill Blomkamp,2
Phillip Noyce,3
Renny Harlin,3
Anthony Minghella,2
Simon Wincer,3
Spike Lee,5
Sebastián Schindel,3
Steven C. Miller,3
Richard LaGravenese,2
Martin Campbell,5
Reginald Hudlin,3
George Jackson,1
 Doug McHenry,1
Eric Meza,1
Gerhard Mostert,1
Michael Martin,1
Michael Rymer,1
Andrew Lau Wai-keung,1
 Alan Mak,1
Brett Weiner,1
Jim Henson,1
Gary Winick,1
Danishka Esterhazy,1
Troy Byer,1
Pang Ho-cheung,3
Tim Burton,3
David Zucker,4
Kinka Usher,1
Sergio Leone,2
Matthew O'Callaghan,1
 Todd Wilderman,1
Bobby Farrelly,2
 Peter Farrelly,2
Wolfgang Petersen,3
Peter Spirer,3
Michael Carney,1
Richard Linklater,1
Amy Rice,1
Randal Kleiser,2
Michael Ritchie,1
J. Lee Thompson,1
Evan Goldberg,1
 Seth Rogen,1
Tom Shadyac,2
Peter Segal,4
Malcolm D. Lee,2
Ramzy Bedia,1
 Éric Judor,1
Sharan Koppisetty,1
Taylor Sheridan,1
Sachin Yardi,3
Saurabh Kabra,1
Mark Waters,3
Partho Mitra,1
Santram Varma,1
Anil V. Kumar,1
 Anurag Basu,1
Sangeeth Sivan,2
Umesh Ghadge,1
David Dhawan,9
Dibakar Banerjee,4
Apoorva Lakhia,2
Milan Luthria,6
Pawan Kripalani,1
Bhushan Patel,1
Magnus Martens,1
Raj Nidimoru,1
 Krishna D.K.,1
Joshua Rofé,1
Brad Anderson,4
Mauricio Dias,1
 Tatiana Villela,1
Angel Kristi Williams,1
Roger Donaldson,3
Christopher Alender,1
Rush Sturges,1
David Oyelowo,1
Mark Lo,1
Crystal Moselle,1
Rathindran R Prasad,4
Han Kwang Il,1
Karim El Shenawy,1
Yin Chen-hao,1
Brian Andrew Mendoza,1
Dave Needham,1
Veronica Velasco,1
Drake Doremus,3
Miguel Alexandre,1
Mani Ratnam,5
Michael Harte,1
Tosin Igho,2
Alice Filippi,1
Paakhi Tyrewala,1
Laura Brownson,2
Steve Brill,5
Moses Inwang,4
Ferdinando Cito Filomarino,1
Juan Carlos Medina,1
Inma Torrente,1
Julián Gaviria,1
Steven Yamamoto,1
Charles Uwagbai,2
Julián Hernández,2
Sam Hobkinson,2
Vince Marcello,5
Jonathan Teplitzky,1
Sakon Tiacharoen,1
Floyd Russ,2
Dustin Hoffman,1
Adze Ugah,3
Hideaki Takizawa,1
Quoc Bao Tran,1
Bejoy Nambiar,3
 Priyadarshan,1
 Karthik Narain,1
 Vasanth Sai,1
 Karthik Subbaraj,1
 Arvind Swamy,1
 Rathindran R Prasad,1
 Sarjun,1
 Gautham Vasudev Menon,2
Kayode Kasum,4
Just Philippot,1
Kirk DeMicco,1
 Brandon Jeffords,1
Rohit Shetty,5
Cavi Borges,1
 Luciano Vidigal,1
Alejandro Doria,2
Laura Fairrie,1
Marcelo Piñeyro,1
Izu Ojukwu,1
Peter Winther,1
Susan Lacy,1
Billy Corben,2
James Mangold,2
Chineze Anyaene,1
Hsu Fu-chun,2
Kristine Stolakis,1
Eva Müller,1
 Michael Schmitt,1
Brian Levant,4
Rod Daniel,1
Robert Zemeckis,3
Todor Chapkanov,1
Phil Lord,1
 Christopher Miller,1
John Hughes,1
Justin Baldoni,1
Joe Roth,2
Mark Helfrich,1
Mag Hsu,1
 Hsu Chih-yen,1
Christopher Nolan,1
Paul Thomas Anderson,5
Nick Castle,2
Howard Zieff,2
David Feiss,1
David Gordon Green,2
Jorge Blanco,1
Zara Hayes,1
Gary Ross,2
Clint Eastwood,7
Trey Parker,1
Kelly Fremon Craig,1
Tom Elkins,1
Tony Scott,2
Brad Furman,1
Sylvain White,1
Irwin Winkler,1
Garry Marshall,3
Kenneth Gyang,3
Jaume Balagueró,1
Najwa Najjar,2
Selçuk Metin,1
Keishi Otomo,2
David Charhon,1
Michelle Bello,1
Steven Tsuchida,1
Daniel Markowicz,1
Louie Schwartzberg,1
Glen Winter,1
Ram Gopal Varma,7
David Benullo,1
Laxman Utekar,2
Royale Watkins,1
 Rich Schlansker,1
Yuval Adler,1
Quentin Tarantino,8
Clay Glen,4
Muzi Mthembu,1
Marcos Bucay,2
Peter Thorwarth,1
Kim Seong-hun,2
Augustine Frizzell,1
Sidheswar Shukla,2
Rajiv Chilaka,22
Binayak Das,1
Arpan Sarkar,1
 Shyamal Chaulia,2
 Owll Mina,1
Ainsley Gardiner,1
 Briar Grace-Smith,1
Mahmoud Karim,3
Kyohei Ishiguro,1
Seyi Babatope,3
Johane Matte,1
 Andrew L. Schmidt,1
 Francisco Ruiz Velasco,1
Morgan Ingari,1
Abdulaziz Alshlahei,1
Edward Drake,1
Kathryn Fasegha,1
Sita Likitvanichkul,1
 Jetarin Ratanaserikiat,1
 Apirak Samudkitpaisan,1
 Thanabodee Uawithya,1
 Adirek Wattaleela,1
Leigh Janiak,3
Luis Estrada,2
Garrett Bradley,1
Sofia Coppola,3
Colin Trevorrow,2
Bill Condon,2
David Slade,1
Chris Weitz,3
Catherine Hardwicke,1
Hadrah Daeng Ratu,1
Tommy Chong,1
Fred Ouro Preto,1
Mayye Zayed,1
Alessandra de Rossi,1
Ash Brannon,1
 Chris Buck,1
Alaa Eddine Aljem,1
Tom Donahue,2
Roberto De Feo,1
 Paolo Strippoli,1
Navot Papushado,1
Manuel Alcalá,1
Ricardo Trogi,1
Semi Chellas,1
Akay Mason,1
 Abosi Ogba,1
Viridiana Lieberman,1
Nima Nourizadeh,1
Daniel Růžička,1
Juraj Šajmovič,1
Femi D. Ogunsanwo,1
Douglas Attal,1
Kim Joo-hyung,2
Avi Federgreen,1
Jericca Cleland,1
 Kevin Munroe,1
Ahmed Siddiqui,1
Hallie Meyers-Shyer,1
Scott Speer,1
Barry Levinson,3
Tolulope Itegboje,1
Camille Delamarre,1
Pascal Atuma,1
Oleg Trofim,1
Mahmood Ali-Balogun,1
Jan Holoubek,1
Anurin Nwunembom,2
 Musing Derrick,1
Christine Luby,1
Udoka Oyeka,1
Yeo Siew Hua,1
Hardik Mehta,3
Rajveer Singh Maan,1
 Harpeet Singh,1
Youssef Chahine,12
Saw Teong Hin,1
 Nik Amir Mustapha,1
 M.S. Prem Nath,1
Rano Karno,3
Pramod Pawar,1
Naresh Saigal,1
Vinil Mathew,2
Neri Parenti,1
Ramsey Nouah,2
Bong Joon Ho,2
Kim Tae-hyung,1
Michael Spierig,1
 Peter Spierig,1
Ernie Barbarash,4
Matt Ogens,1
Jay Roach,5
McG,7
Frank Marshall,1
Victor Vu,1
Chow Hin Yeung Roy,1
Joel Hopkins,1
John Stevenson,1
 Mark Osborne,1
Jennifer Yuh Nelson,1
Greg Berlanti,1
Garth Davis,1
Malik Nejer,2
Rob Marshall,2
Martin Brest,1
Shuko Murase,1
Paul W.S. Anderson,3
Ivan Reitman,3
Joel Gallen,2
Claire McCarthy,1
Mary Lambert,1
Sidharta Tata,1
 Aco Tenriyagelli,1
 Dian Sastrowardoyo,1
 Ifa Isfansyah,1
 Jason Iskandar,1
Trevor Nunn,1
Gabriele Muccino,3
Jim Field Smith,1
Chris Koch,1
J.J. Abrams,1
Rob Minkoff,4
Lynn Shelton,5
Adam McKay,3
Anton Corbijn,1
Robin Bissell,1
David Fincher,6
John G. Avildsen,5
Alan Parker,1
Walter Hill,3
Stephen Frears,2
Bryan Bertino,2
Phil Alden Robinson,1
Florian Henckel von Donnersmarck,2
Len Wiseman,1
Måns Mårlind,2
 Björn Stein,2
Patrick Tatopoulos,1
Robert O. Peters,3
Vincent Ward,1
Gregory Nava,1
Mary Harron,2
Matt Thompson,1
Jameel Buari,1
Shen Leping,1
Matt Aselton,1
Jose Javier Reyes,1
Jakub Piątek,1
John Dower,2
B. T Thomas,1
Andrew Dominik,1
Nibal Arakji,1
Sofie Šustková,1
Anissa Bonnefont,1
Bahij Hojeij,1
Jonathan Hensleigh,2
Srijit Mukherji,1
 Vasan Bala,1
Justin P. Lange,1
Kimmy Gatewood,1
Tània Balló,1
Manolo Caro,3
Jayme Monjardim,1
Kingsley Ogoro,2
Cristina Jacob,4
Fernando Moro,1
Ivan Andrew Payawal,1
Yoshiyuki Tomino,4
 Yoshikazu Yasuhiko,3
Rob Seidenglanz,2
Simon Frederick,1
Michihito Fujii,1
Paul Weitz,2
Karthik Subbaraj,3
Lucky Kuswandi,2
Soudade Kaadan,3
Antoinette Jadaone,5
Marie Clements,1
David O. Russell,2
Achille Brice,1
Max Jabs,1
Sarawut Wichiensarn,1
Ricardo de Montreuil,1
Peter Chelsom,2
Michael Lockshin,1
Francine Parker,1
Daniel Schechter,1
Mike Gunther,4
David Zeiger,1
Michael Simon,6
Jerry Rothwell,3
Joe Berlinger,5
 Bruce Sinofsky,1
Ian Cheney,2
 Sharon Shattuck,1
Bradley Parker,2
Prabhakaran,1
Manjari Makijany,1
Jay Oliva,1
Chris Appelhans,1
Michael Tiddes,4
Lara Saba,1
Bao Nhan,1
 Namcito,1
Mark Raso,3
Tariq Alkazim,1
Yulene Olaizola,1
Matthew Heineman,1
Robert Peters,1
Jonathan Clay,1
Ally Pankiw,1
George Ford,2
Lee Kae-byeok,1
Jayan Moodley,2
Daniel Benmayor,2
Alex Díaz,3
Helena Bergström,1
Alejandro De Grazia,1
 Juan Stadler,1
Myriam Fares,1
Chiaki Kon,1
Rae Red,1
Lance Hool,1
Nicole Conn,1
Les Mayfield,3
Ellen Seidler,1
 Megan Siler,1
Roger Christian,1
Peter Galison,1
Lance Young,1
Leandro Neri,1
Thom Fitzgerald,1
Don Michael Paul,10
Andrzej Bartkowiak,3
Harold Becker,1
Andrew Jenks,1
Ric Roman Waugh,3
Rob Reiner,4
Andy Tennant,5
Tade Ogidan,1
Scott Spiegel,1
Jessie Nelson,1
Theodore Witcher,1
Aurora Guerrero,1
Michael Jai White,1
James McTeigue,2
Takuya Igarashi,1
Michelle MacLaren,1
Hidenori Inoue,7
Todd Phillips,3
Steve Ball,5
Dominic Sena,2
Alan Alda,1
Mika Kaurismäki,1
Sydney Pollack,1
Lorene Scafaria,1
Barbra Streisand,2
Michael Winterbottom,2
Emma Tammi,1
Peter Hutchings,2
George Ratliff,1
Bo Burnham,4
Ekene Som Mekwunye,2
David Frankel,1
Kevin Johnson,1
José Larraza,1
 Marc Pons,1
Gary Sing,1
Julio Quintana,1
Paween Purijitpanya,1
Pablo Faro,1
Letizia Lamartire,1
Ray Jiang,1
Daniel Vernon,1
Steve Gukas,2
Tim Johnson,2
Vishwesh Krishnamoorthy,1
Zack Snyder,2
Uduak-Obong Patrick,1
Mohamed Diab,2
Amr Salama,1
Christopher Amos,1
Robert Rodriguez,8
David Ayer,4
Eshom Nelms,1
 Ian Nelms,1
James Moll,1
James Redford,1
Kaashvie Nair,1
J.D. Dillard,2
Nikhil Pherwani,1
Mae Czarina Cruz,7
Praveen Kandregula,1
Cecilia Verheyden,1
Daniel Minahan,1
Donovan Marsh,1
Brent Dawes,1
Leli Maki,1
Uzodinma Okpechi,1
Daniel Prochaska,1
Joe Wright,1
Matthew Vaughn,2
Aditya Kripalani,2
Adriano Rudiman,3
David Pablos,2
Alexandre Aja,2
Cai Cong,1
Samuel Olatunji,1
Ramon Térmens,1
Svetlana Cvetko,1
Martin Prakkat,1
Baran bo Odar,2
Zhang Chong,1
Yılmaz Erdoğan,9
Shantrelle P. Lewis,1
Ivan Ayr,2
Anthony Mandler,1
Vijay Roche,1
Stanley Menino D'Costa,1
Jennifer Brea,1
Julia von Heinz,1
Niels Arden Oplev,1
Don Argott,1
 Sheena M. Joyce,1
Joshua Zeman,1
Duncan Skiles,1
Sean McNamara,4
Vondie Curtis-Hall,1
Robert Radler,1
Roel Reiné,1
Dean Parisot,1
Paul Greengrass,3
Justin Kelly,2
Eric Darnell,3
 Tom McGrath,2
 Conrad Vernon,1
Suhas Kadav,16
Jeff Wadlow,2
Charles Martin,1
Stella Corradi,1
Roland Emmerich,3
Kevin Macdonald,1
Ann Deborah Fishman,1
Chris Gorak,1
Peter Jackson,3
Roger Kumble,4
Jonathan Lynn,1
Courtney Hunt,2
Pierre Greco,1
 Nancy Florence Savard,1
Andrew Davis,1
Kevin Smith,5
Chaitanya Tamhane,1
Oriol Paulo,2
Mike Rianda,1
 Jeff Rowe,1
Johannes Roberts,2
Robert Pulcini,1
 Shari Springer Berman,1
Pedro Antonio,1
John Wells,2
Jonathan Liebesman,1
Maria Pulera,1
Santhosh Viswanath,1
Seema Pahwa,1
Ozan Açıktan,7
Meltem Bozoflu,2
Hakan Algül,8
Selçuk Aydemir,2
 Birkan Pusa,1
Ömer Faruk Sorak,2
Şenol Sönmez,2
Alexis Morante,2
Burak Aksak,3
Kıvanç Baruönü,5
Rindala Kodeih,1
Kongkiat Khomsiri,1
Bedran Güzel,3
Marwan Nabil,1
MIKIKO,1
 Daito Manabe,1
 Ömer Faruk Sorak,1
Takashi Shimizu,1
Joe Penna,1
Ahishor Solomon,2
Curtis Graham,1
Gerardo Gatica,1
Akshay Sanjeev Chavan,1
 Sumit Das,1
John Madden,1
Edward James Olmos,1
Abhinay Deo,3
Kiran Rao,1
Abbas Tyrewala,1
Ashutosh Gowariker,6
Satyajit Bhatkal,2
Anusha Rizvi,1
 Mahmood Farooqui,1
Aamir Khan,1
Shashank Khaitan,2
 Raj Mehta,1
 Neeraj Ghaywan,1
 Kayoze Irani,1
Ryan Crego,1
Cassi Simonds,1
Guillermo del Toro,3
Tony Abulu,1
Stefan Westerwelle,1
Ron Howard,7
Justin Benson,2
 Aaron Moorhead,2
Niki Caro,1
Mark Dennis,1
 Ben Foster,1
Taranveer Singh,1
TT The Artist,1
Keiichi Sato,1
 Yasushi Kawamura,1
Glenn Weiss,1
Michael Civille,1
Ryuichi Hiroki,1
One9,1
Luis Valdez,2
Cheng Wei-hao,1
Pass Patthanakumjon,1
Buchi Babu Sana,1
Fredrick Munk,1
Moyoung Jin,1
 Caroline Sá,1
 Deepti Kakkar,1
 Fahad Mustafa,1
 Hikaru Toda,1
 Chico Pereira,1
 Elaine McMillion Sheldon,1
Zhao Ji,1
Jamie Babbit,1
Park Hoon-jung,2
Dare Olaitan,1
Ben Falcone,1
Travon Free,1
 Martin Desmond Roe,1
Angga Dwimas Sasongko,5
Steve Rolston,1
Shalini Kantayya,2
Madonne Ashwin,1
Enah Johnscott,1
Braden R. Duemmler,1
Cal Brunker,1
Steve Pink,1
Xiao Feng,1
Ricky Staub,1
Patrick Durham,1
 Paul G. Volk,1
BB Sasore,3
Naseef Yusuf Izuddin,1
Appie Boudellah,1
 Aram van de Rest,1
Sylvie Verheyde,2
Nick Moore,1
Alex Zamm,2
Rajkumar Hirani,3
Rajesh Mapuskar,1
Lina Al Abed,1
James Wan,3
David Hackl,1
Takeshi Nozue,1
Subhash Kapoor,1
Ringo Lam,2
George Cukor,1
Tony Giglio,2
Shinji Aramaki,2
 Masaru Matsumoto,2
John Luessenhop,1
Hanung Bramantyo,8
 Pandu Adjisurya,1
Bashir El Deek,1
Roman Polański,1
Nelson McCormick,2
Mic Rodgers,1
Shawn Rech,1
Peyton Reed,3
Julian Schnabel,1
Adrián García Bogliano,1
Jose Gomez,1
Jonathon Link,1
Blair Simmons,3
Justin Chadwick,1
John Hillcoat,2
Nadine Ibrahim,1
Roman White,1
Fermín Muguruza,1
Mike Hodges,1
Eylem Kaftan,1
Fernando Ayllón,8
Umesh Bist,1
Massimiliano Camaiti,1
Aleksey Tsitsilin,1
Ali Tabrizi,1
Kagiso Lediga,2
Jung-ah Im,2
Takuma Sato,1
Brody Chu,1
Dimitri Logothetis,2
Taketoshi Sado,1
Li Weiran,1
Chinaza Onuzo,1
Anna Elizabeth James,1
Vitor Brandt,1
Troy Miller,8
Liam O'Donnell,2
Manny Rodriguez,6
 Jay Lavender,1
Farah Nabulsi,1
Walter Taylaur,2
Chris Smith,3
Alain Brunard,1
Tate Taylor,3
Ladislaus Kiraly,1
Oliver Stone,5
Hemambar Jasti,1
Taylor Morden,1
Helena Coan,1
Muharrem Gülmez,2
Dolapo Adeleke,1
Mahsun Kırmızıgül,2
Can Ulkay,1
Luis Alejandro Pérez,1
Ketche,1
Erol Özlevi,1
Miguel Arteta,2
Tolga Örnek,1
Pablo Agüero,1
Mohammad Irfan Ramly,1
Kevin McManus,1
 Matthew McManus,1
Ange Basterga,1
 Nicolas Lopez,1
Gitanjali Rao,1
Halitha Shameem,2
Carlos Moreno,1
Maribel Sánchez-Maroto,1
Fajar Bustomi,4
Taylor Hackford,1
Amy Poehler,2
Jared Hess,3
 Tyler Measom,1
Mike Binder,2
Abir Sengupta,1
Sunny Lau,1
Emmett Malloy,1
Xavier Maingon,1
 Marc-Antoine Hélard,1
Milton Kremer,1
Kevin Costner,1
Marco Petry,1
Andrew Duncan,1
 Ken Cunningham,1
Liam Lynch,2
Jérémie Degruson,1
 Ben Stassen,1
Matt Ross,1
Dani de la Orden,1
Pablo Larraín,3
John Erick Dowdle,2
Jesse Peretz,1
Ribhu Dasgupta,3
Rizki Balki,1
Shunsuke Kariyama,1
Jeferson De,1
Barry Avrich,4
David Tryhorn,1
 Ben Nicholas,1
Tirumala Kishore,1
Huang Hsin-Yao,1
Saron Sakina,1
J Blakeson,1
Khalid Rahman,1
Luis Ara,4
Tharun Bhascker Dhaassyam,1
 B. V. Nandini Reddy,1
 Nag Ashwin,1
 Sankalp Reddy,1
Prateek Vats,1
Alex Merkin,2
Vikram Bhatt,2
Dallas Jenkins,1
Damián Romay,2
Hamisha Daryani Ahuja,1
Hong Khaou,1
Mario Briongos,1
Vinay Bharadwaj,1
Michael Fimognari,2
Eric D. Cabello Díaz,1
Clara Martínez-Lázaro,1
Monty Tiwa,1
Ava DuVernay,5
Alain Darborg,1
Filip Zylber,1
Julien Royal,1
Brian Baugh,1
Henri Wong,1
Maïa Sandoz,1
Mostofa Sarwar Farooki,1
Joseph Hsu,1
Sam Levinson,1
Jo Sung-hee,1
Michèle Ohayon,3
Rocco Ricciardulli,1
Guo Jingming,1
Jan Belcl,1
Esteban Crespo,2
Noé González,1
Sarah Gavron,2
Martin Scorsese,12
Richard Arellano,1
Jon Favreau,2
Marco Pontecorvo,1
Gregory Plotkin,1
Lluís Quílez,1
Jude Weng,1
Simon Stone,2
Noviandra Santosa,1
Jeremy Grant,1
Jeo Baby,1
Glendyn Ivin,1
Okey Oku,1
Ifeanyi Ikpoenyi,1
Chris Eneng Enaji,1
Ángeles Reiné,1
Paul Haggis,2
Ramin Bahrani,1
Nicol Paone,1
Nick Rowland,1
RZA,2
Cooper Karl,1
Gary Fleder,2
J.A. Bayona,2
Darren Lynn Bousman,2
Lydia Dean Pilcher,1
 Ginny Mohler,1
Cris D'Amato,1
Mikael Håfström,1
 Simon J. Smith,2
Byeon Hee-sun,1
Peter Facinelli,1
Renuka Shahane,1
Ross Kauffman,1
Sung Do-jun,1
Charles Gozali,1
 Bagus Bramanti,1
James Toback,2
Tiller Russell,3
Francisco D'Eufemia,1
Chris Rock,1
Juliet May,1
Stanley Nelson,2
Olivier Nakache,1
 Éric Toledano,1
Prakash Jha,5
Rohan Sippy,1
Ross Venokur,1
Rohena Gera,1
Maite Ruiz De Austri,1
Jastis Arimba,1
Eric Summer,1
 Éric Warin,1
Kornél Mundruczó,1
Alejandro Ruax,1
 Ramiro Martínez,1
Florent Bodin,2
Sohail Khan,1
Hallvard Bræin,1
Jeff Tremaine,2
Christian Alvart,1
Robert Townsend,1
Jeff Deverett,1
Ron Krauss,1
Brian Robbins,2
Jeff Stilson,1
Sean Penn,2
Mark McQueen,1
Melanie Mayron,1
Donald Petrie,1
Tony Collingwood,1
Jennifer Beamish,1
 Toby Trackman,1
Jaume Collet-Serra,1
Kim Dong-kyu,1
Shaz Bennett,1
Samar Shaikh,1
Archie Hekagery,1
Sabrina Rochelle Kalangie,1
Cosima Spender,3
Liao Shih-han,1
Arnon Manor,1
 Timothy Ware-Hill,1
Gore Verbinski,2
Al Campbell,1
 Alice Mathias,1
Maïwenn,1
Richard Weston,3
Vikramaditya Motwane,4
Prime Cruz,1
Andibachtiar Yusuf,3
Yandy Laurens,1
Cathy Garcia-Molina,13
John Mitchell,1
 Jeremy Kipp Walker,1
George Clooney,2
Liu Kuang-hui,1
Kristian Mercado,2
Daan Jansen,1
 Stijn Verlinde,1
Jay Grace,1
Paul Dugdale,4
James Haslam,1
Muhammad Ali,1
Thomas Toby Parkinson,1
John Putch,1
Sam Macaroni,1
George C. Wolfe,2
Yasmin Ahmad,3
Sudha Kongara,1
 Vignesh Shivan,1
 Vetri Maaran,1
Juan Camilo Pinzon,1
Lin Oeding,1
Naya Anindita,1
Alexx Media,1
Farishad I. Latjuba,1
Andrucha Waddington,1
 Pedro Waddington,1
Picky Talarico,1
Jun Lana,4
Brad Peyton,2
Lee Daniels,1
Tom Ford,2
Ellena Wood,1
 Jesse Vile,1
Vir Das,2
Miranda de Pencier,1
Farhad Safinia,1
Shaun Paul Piccinino,4
Eddie Rosas,1
Frank E. Abney III,1
James D. Stern,1
 Fernando Villena,1
Ryan Murphy,2
Girish Malik,2
Deepa Mehta,1
Lai Chun-yu,1
Theodore Boborol,3
Sydney Sibilia,1
Josiah Ng,1
Kirk Wise,1
Beth Sleven,1
 Allan Jacobsen,1
 Kevin Wotton,1
Jalil Lespert,3
Su I-Hsuan,1
 Chuang Shiang-an,1
 Liu Yi,1
Clint Butler,1
Erik Kling,1
 Kevin Peaty,1
Detlev Buck,5
Amanda Raymond,1
Jason Paul Laxamana,2
Marc Fouchard,1
Darragh O'Connell,1
Roberto Santucci,1
Dado C. Lumibao,1
August Jakobsson,1
Anna Wieczur-Bluszcz,1
Damien O’Connor,2
Richard Laxton,1
Gil Kenan,1
Phil Burgers,1
Pierre Morel,2
Brian Henson,1
Derick Cabrido,1
Marla M. Ancheta,1
Jen McGowan,1
Bernie Denk,2
Brian Skiba,1
Stanley Moore,2
 Alex Woo,2
Oliver Bokelberg,1
Ángel Gómez Hernández,1
Ludovico Di Martino,1
Lee Chung-hyun,1
Barry Gonzalez,1
Brian Volk-Weiss,2
Matthew Michael Carnahan,1
Eric Bress,1
Chris Columbus,1
V Vignarajan,2
Greg Rankin,2
 TJ Sullivan,2
Carlos Sorín,1
Matt Eskandari,1
Grant Singer,1
Mohammad Adel,1
Debbie Allen,1
Victor Gatonye,1
Stephen Chiodo,2
Will McCormack,1
 Michael Govier,1
Monica Floyd,1
Anurag Kashyap,7
Siddique,1
Danish Aslam,1
Vibhu Virender Puri,1
Mike Rohl,1
Shyam Benegal,4
Takeshi Fukunaga,1
Leslie Small,7
Jeff Nichols,3
Sabaah Folayan,1
 Damon Davis,1
Justin G. Dyck,7
Cody Cameron,1
 Kris Pearn,1
Michael Curtiz,1
Avinash Walzade,1
David E. Talbert,2
Renata Terra,1
Edoardo Ponti,1
Mateo Gil,2
Paul Soriano,2
Ryan Coogler,2
Anurag Basu,4
Lucas Santa Ana,1
Carla Barros,1
Ulrike Kofler,1
Steven Bognar,2
 Julia Reichert,2
Kunle Afolayan,8
Weica Wang,1
Aitor Arregi,2
 Jon Garaño,2
 Jose Mari Goenaga,1
Kevin Pollak,1
Otoja Abit,1
Alejandro Hartmann,1
Maxwell McGuire,1
Ruel S. Bayani,2
Martin Wood,1
Narendra Nath,1
Jan-Peter Horns,1
Tatsushi Omori,1
Estela Renner,2
Zeek Earl,1
 Christopher Caldwell,1
Michael Kampa,1
Chanda Bell,2
Jennifer Westcott,1
Richard Greenberg,1
Peter Berg,2
Nicolas Pesce,2
Christopher Cain,1
Juliana Vicente,1
Harald Zwart,1
Stacia Crawford,1
Remi Weekes,1
Tope Oshin,3
Terrie Samundra,1
Olivier Marchal,2
Santiago Alvarado Ilarri,1
Frasco Mortiz,1
John Whitesell,1
Antonio Díaz,1
Nimród Antal,1
Bartosz M. Kowalski,1
James Tovell,1
Matías Gueilburt,3
Natasha Lyonne,1
Chang Chin-jung,1
 Chen Rong-hui,1
Rajkumar Santoshi,6
Lance Daly,1
Unjoo Moon,1
Gil Baroni,1
Thierry Demaizière,2
 Alban Teurlai,2
Glen Keane,1
Chris Sivertson,2
Kief Davidson,3
 Pedro Kos,1
Jarand Herdal,1
Dan Villegas,4
Chris Foggin,1
Kim Nguyen,3
Karen Maine,1
Tim Neeves,1
Ben Wheatley,2
Maroun Baghdadi,4
Philippe Aractingi,4
Amin Dora,1
Rana Eid,1
Daniel Joseph,1
Randa Chahal Sabbag,1
Ziad Doueiri,2
Shady Hanna,1
Josef Fares,1
Sam Fell,1
 Chris Butler,1
Ross Boyask,2
David 'Tosh' Gitonga,1
 Michael Jones,1
Ti West,1
Aaron Sorkin,2
Levan Gabriadze,1
Rachel Talalay,1
Sam Liu,4
Peter Mimi,1
Lasja Fauzia Susatyo,1
Pavitra Chalam,1
 Akshay Shankar,1
Kevin Ko,1
 Peter Tsi,1
Caroline Suh,1
Carlos Pérez Osorio,1
Ken Ghosh,3
Indra Kumar,5
B. Subhash,1
Harshavardhan Kulkarni,1
Neeraj Vora,1
Puneet Khanna,1
Radha Blank,1
Bigflo & Oli,1
 Jérémie Levypon,1
Eduardo Pinto,1
Pavel Kostomarov,1
Mike Elliott,1
Francis Whately,1
Jon Izen,1
Christopher Nolen,3
Alastair Fothergill,4
 Jonnie Hughes,1
 Keith Scholey,1
Amy Segal,1
Umut Aral,1
Umut Kirca,1
Sudhir Mishra,4
Domenico de Feudis,1
Oz Rodriguez,2
Salvador Espinosa,1
Adrian Teh,3
Brad Silberling,1
Elsa Flores Almaraz,1
 Richard J Montoya,1
Carey McKenzie,1
Adam Bolt,1
Taika Waititi,2
Lindsey Cordero,1
 Armando Croda,1
David LaChapelle,1
Mostafa Abu Seif,1
Faris Godus,1
Rod Lurie,1
Stacie Passon,2
Jenny Popplewell,1
Florian Schott,1
Tom Whitworth,1
Joe Mantello,1
Lee Hirsch,2
Page Hurwitz,1
Dallas Jackson,2
Rajat Kapoor,2
Abhishek Chaubey,3
Imtiaz Ali,6
Navdeep Singh,1
Anees Bazmee,6
Rikhil Bahadur,1
Shawn Levy,3
Harry Bradbeer,1
Joshua Tickell,1
 Rebecca Harrell Tickell,1
Sophia Nahli Allison,1
Norihisa Hiranuma,1
Shigeaki Kubo,5
 Tsuyoshi Nakakuki,2
Yudai Yamaguchi,1
Marwan Hamed,1
Smeep Kang,2
Raja Chanda,1
Tigmanshu Dhulia,2
Akashdeep,1
Rajesh Ganguly,1
Alankrita Shrivastava,1
Chandra Liow,1
Sekhar Kammula,2
Gary Andrews,1
Merawi Gerima,1
Kubhaer T. Jethwani,1
Antonio Campos,4
Carles Torras,1
James Watkins,1
Philippa Lowthorpe,1
Pailin Wedel,1
Chris Howe,3
Peter Sollett,1
Steve Bencich,1
Tosin Coker,2
Javier Colinas,1
Dean DeBlois,1
Reinhard Klooss,1
Shaun Mir,1
Satish Rajwade,3
Abhijeet Deshpande,1
Mahesh Manjrekar,5
Prakash Kunte,1
Manish Saini,1
Kenny Ortega,1
Makarand Mane,2
Vijay Maurya,1
Sameer Patil,1
Kenzo Maihara,1
 Amandha Wyanto,1
Ahmed Nader Galal,4
Arati Kadav,1
Maïmouna Doucouré,1
Pepe Mora,1
Marcos Carnevale,1
Jeff Orlowski,2
Cho Il,1
Pippa Ehrlich,1
 James Reed,1
Tolga Karaçelik,1
Davis Guggenheim,2
Philip Barantini,1
Charlie Kaufman,1
Abba T. Makama,2
Junior Carelli,1
 Rudge Campos,1
Ertanto Robby Soediskam,1
Mark Steven Johnson,2
Felix Binder,1
Thor Freudenthal,1
Nguyen Thanh Tung,1
Baltasar Kormákur,1
Conrad Helten,4
Ayumu Watanabe,1
Hitoshi Namba,1
Chris Miller,1
Sean Anders,1
Abbas Mustan,1
Duncan McMath,1
Dan Forgione,1
 Pete Jacobs,1
 Matt Whitlock,1
Francesco Carnesecchi,1
Greg Tiernan,1
Mark Thornton,1
 Todd Kauffman,1
Shamzu Zayba,1
Jesse V. Johnson,5
Brett Haley,3
Chris Roland,1
 Maradona Dias Dos Santos,1
David Galán Galindo,1
David Moreton,1
Lester Hsi,1
Cyrus Nowrasteh,1
Isabel Sandoval,1
Nathan Wiley,1
Wayne Blair,2
Atul Sabharwal,1
Bernardo Arellano,1
Trish Sie,1
Hong Won-ki,1
Khaled Marei,5
Fred Wolf,1
Niyi Akinmolayan,5
Sammaria Sari Simanjuntak,1
Chairun Nissa,1
Tom Hooper,3
Sergei Bodrov,1
Anna Stone,1
Cory Edwards,1
Faraday Okoro,1
Henry Joost,1
 Ariel Schulman,1
Rebecca Zlotowski,2
Sharan Sharma,1
Tyler Spindel,2
Vicky Wight,1
Marc Meyers,1
Franziska Meyer Price,1
Steven Rinella,1
Laura Terruso,1
Martín Sastre,1
Franck Nataf,1
Pascal Amanfo,2
Savage Steve Holland,4
Mike Doyle,1
Darren Grant,1
Joseph Ruben,1
Mfanelo Ngoma,1
Colin Minihan,1
Regina Welker,1
 Nina Wels,1
Honey Trehan,1
Katleho Ramaphakela,1
 Rethabile Ramaphakela,1
Ariel Boles,1
Álvaro Delgado-Aparicio L.,1
Venkatesh Maha,1
Nopparoj Chotmunkongsit,1
Aniedi Anwah,1
Mickey Fonseca,1
Matias Mariani,1
Jan Komasa,1
Sue Kim,1
Paul Solet,2
Ben Kasulke,1
Gagan Puri,1
Teddy Chan,1
Bhavin Wadia,1
Tony Bancroft,1
 Scott Christian Sava,1
Tope Alake,1
Fernando González Molina,4
Yuki Tanada,1
Alex Gibney,1
Ahn Byoung-wook,1
Sibusiso Khuzwayo,1
Lisa Cortés,1
 Farah X,1
Wilson Yip,5
Dave Skinner,1
 Freddie Waters,1
Denis Do,1
Leslye Davis,1
 Catrin Einhorn,1
Toka McBaror,3
 Tunde Apalowo,1
Peter Sullivan,2
Axelle Laffont,1
Daniel Oriahi,2
Stefano Mordini,1
Hayden Guppy,1
Stéphane de Freitas,1
André Odendaal,1
 Johan Vorster,1
Cassia Dian,1
Amro Salah,1
Sue Ding,1
Gina Prince-Bythewood,1
Wouter Bouvijn,1
Funke Akindele,1
Bryn Evans,1
Cristina Costantini,1
 Kareem Tabsch,2
Hannah Fidell,2
Chris Renaud,2
 Kyle Balda,1
Scott Zabielski,3
Coodie,1
 Chike,1
QLF,1
Sachin Kundalkar,1
Puri Jagannadh,1
Vishal Mahadkar,1
 Dibakar Banerjee,3
 Karan Johar,3
 Zoya Akhtar,2
Anthony D'Souza,2
Soumendra Padhi,2
Fuwad Khan,1
Nishikant Kamat,4
Krish,1
Kabir Sadanand,2
Rachit Kusonkoonsiri,1
Shoojit Sircar,1
Omung Kumar,1
Umesh Shukla,2
Devika Bhagat,1
Takashi Doscher,1
Shubham Singh,1
Abbas Alibhai Burmawalla,4
 Mastan Alibhai Burmawalla,4
Luv Ranjan,2
Vikas Bahl,3
Neeraj Pandey,3
Aanand Rai,1
Gurmmeet Singh,1
LP,1
Rako Prijanto,3
Raoul Peck,1
Shirley Frimpong-Manso,2
Fabio Ock,1
 Joana Mazzucchelli,1
Sabina Fedeli,1
 Anna Migotto,1
Kyran Kelly,2
Salvador Calvo,2
Cem Yılmaz,2
Bruce Beresford,2
Michael Duggan,1
Almudena Carracedo,1
 Robert Bahar,1
Paul Verhoeven,2
Younuts!,1
Obi Emelonye,3
Daniel Effiong,1
Abhijit Panse,2
Rachel Griffiths,1
David Dobkin,2
Oluseyi Asurf,2
Eduardo Roy Jr.,2
Ravikanth Perepu,1
Sooraj R. Barjatya,6
Bonni Cohen,2
 Jon Shenk,2
Anvita Dutt,1
Gaspar Antillo,1
Eric Notarnicola,1
Musthafa,1
Ishaya Bako,3
Kate Mulleavy,1
 Laura Mulleavy,1
Akhigbe Ilozobhie,1
Apurva Dhar Badgaiyann,1
Elissa Down,1
Guillaume Pierret,1
Olivier Assayas,3
Junichi Sato,1
 Tomotaka Shibayama,1
Pablo Aulita,1
Manatsanun Phanlerdwongsakul,1
Georges Hachem,1
Peter Lepeniotis,2
Jim Hosking,1
Paco Aguilar,1
Greg McLean,1
Juan José Campanella,1
A. Raajdheep,1
 Pidi Baiq,3
Nicholas Kharkongor,2
Michael McKay,4
Kitaro Kosaka,1
Ali F. Mostafa,2
Ayman Makram,1
George Gallo,1
Ry Russo-Young,1
Barbara Białowąs,1
 Tomasz Mandes,1
Akhil Paul,1
 Anas Khan,1
Kanika Batra,1
Michael Cristofer,1
Mohamed Khan,1
Adriana Trigiani,1
Phil Sgriccia,1
Andaç Haznedaroğlu,1
Murat Kepez,1
Greta Gerwig,1
Sam Rega,1
Wael Ehsan,4
Inas El-Degheidy,1
Ahmed Al-Badry,3
Sameh Abdulaziz,6
Wael Ihsan,4
Izidore K. Musallam,1
Sherif Arafa,2
Yasir Al Yasiri,1
Safdar Rahman,1
Tomas Brickhill,1
Hani Al-Shaibani,1
Mamoru Hosoda,1
James Franco,1
Niall Johnson,1
Michael Damian,2
Ahmed Zain,2
Angshuman Ghosh,1
Ahmed Zein,2
Alejandro Montiel,2
Fernando Frías de la Parra,1
Madeleine Parry,2
Yu Yang,1
Jesse Warn,1
Josh Safdie,1
 Benny Safdie,1
Hiromasa Yonebayashi,2
 Yoshiyuki Momose,1
 Akihiko Yamashita,1
Michael Showalter,2
Norm Hiscock,1
 Gary Howsam,1
 Mike Smith,2
 John Paul Tremblay,5
 Robb Wells,5
Almunsif Alsuwaisi,1
Fouad Al Shatti,1
Fouad El-Mohandes,1
Andrés Feddersen,1
Samir Al Asfory,1
Hussein Kamal,2
Hassan AbdulSalam,1
Houssam El-Din Mustafa,1
Muhammad Fadl,1
 Hany Motawie,1
Lonzo Nzekwe,1
Alex Timbers,2
 Sam Wrench,1
Rebecca Johnson,1
Carlos Morett,1
Megha Ramaswamy,1
Saeed Hamed,1
Ali Ragab,2
Ahmad El-Badri,4
Marcus Raboy,16
Haifaa Al-Mansour,2
Mohammed Alhmly,1
Lucien Bourjeily,1
Laura Mañá,1
Sivaroj Kongsakul,1
Salmeen AlMurry Amer,1
Mohit Suri,2
Obaid Alhmoudi,1
Adekunle Nodash Adejuyigbe,1
Sadeq Behbehani,1
Dylan Mohan Gray,1
Hussein El Ansary,1
Claire Scanlon,2
Vipul Amrutlal Shah,2
Donick Cary,1
Will Forbes,1
Francesco Amato,1
Damien Chazelle,1
 Houda Benyamina,1
 Laïla Marrakchi,1
 Alan Poul,1
S.A. Zaidi,1
Hamad AlSarraf,1
He Xiaofeng,1
Nadia Hallgren,2
Pedro Flores Maldonado,1
Joe DeMaio,2
Aaron Woodley,1
Lucas Margutti,4
Ashok Nanda,2
Hernán Guerschuny,1
Alex Ranarivelo,1
Seth Barrish,3
Brett Hedlund,1
Joe Robert Cole,1
Michelle Esrick,1
Olivier Abbou,1
Jeffrey Schwarz,1
Craig Freimond,1
Shirish Kunder,3
Mysskin,2
Alice Wu,1
Joey So,6
Dennie Gordon,2
Michael M. Scott,1
Sion Sono,2
David Chuang,1
 Chen Kuan-chung,1
Chris Bolan,1
Omoni Oboli,7
Saravana Rajan,1
 Sırrı Süreyya Önder,1
Sermiyan Midyat,3
Ahmed Yousry,1
 Hazem Fouda,2
Handan İpekçi,1
Ferzan Özpetek,1
Ashraf Fayeq,1
Paul Munger,1
Matei Dima,1
Jonathan Augustin,1
Venky Kudumula,1
Amr Arafa,3
Michel Hazanavicius,1
Ahmed Saleh,1
Ahmed Medhat,1
Mohamed Yassin,1
Chakri Toleti,1
Neville Shah,1
Upi Avianto,2
Yoon Sung-hyun,1
Rachel Mason,1
Patryk Vega,2
Marc Vigil,1
Kris Pearn,1
Ryan Polito,8
Anoop Sathyan,1
Müfit Can Saçıntı,1
Cüneyt Kaya,1
Greg Barker,1
Leticia Jorge Romero,1
Adrien Lagier,1
 Ousmane Ly,1
Ethan Coen,2
 Joel Coen,2
Jon M. Chu,3
Diego Pignataro,3
Ian Edelman,2
Ali Yorgancıoğlu,1
Digo Ricio,1
Emcy Joseph,1
Kranthi Madhav,1
Matt D'Elia,1
Jeff Chan,1
Dean Craig,1
Grand Corps Malade,1
 Mehdi Idir,1
Jay Karas,15
Stefano Lodovichi,1
Alan Yang,1
Perci Intalan,1
M. Night Shyamalan,2
Chris Robinson,2
Eddie Mensore,1
Sean Baker,1
Padraig Reynolds,1
Yorgos Lanthimos,2
Michael Dowse,3
Pablo Lejarreta,1
 Luis Alfaro,1
Armando Iannucci,1
Akira Saitoh,1
Haruka Fujita,1
Mukul Anand,2
Karan Malhotra,1
David Batra,1
 Jon Rudberg,1
Tarun Mansukhani,2
Ramesh Talwar,1
Mahesh Bhatt,3
Raj Khosla,1
Punit Malhotra,2
Soham Shah,1
Karan Johar,3
Nikkhil Advani,1
Shakun Batra,2
 Anirban Majumder,1
 Alka Amarkant Dubey,1
Prakash Mehra,3
Anand Ravichandran,1
Richard Claus,1
 Karsten Kiilerich,1
Floria Sigismondi,1
Renzil D'Silva,2
Fritz Böhm,1
Ravishankar Venkateswaran,1
Vijay S. Bhanushali,1
David Hunt,1
Stephen S. Campanelli,1
Rakesh Ranjan Kumar,1
Sam Irvin,1
Gary Stretch,1
Desingh Periyasamy,1
TJ Sullivan,1
 Greg Rankin,1
Neeraj Udhwani,1
Patrice Laliberté,1
Ellen Page,1
 Ian Daniel,1
Todd Kauffman,1
 Mark Thornton,1
Prentice Penny,1
Zsolt Pálfi,1
Nawapol Thamrongrattanarit,2
Marlene Melchior,1
Aaron Lieber,1
Tamas Yvan Topolanszky,1
Àlex Pastor,2
 David Pastor,2
Rami Hachache,1
Francisco Macri,1
Gabriela García Rivas,1
Eric Goode,1
 Rebecca Chaiklin,1
Francesco Lettieri,1
John Suits,1
Takeru Nakajima,1
 Yoshiyuki Okada,1
Susan Walter,1
Masaaki Yuasa,2
Pierre Deschamps,1
Jeff Tomsic,1
Scot Armstrong,1
Naman Nitin Mukesh,1
Lynn Novick,1
Navjot Gulati,1
Stephanie Zwane,1
Owen Trevor,1
Stephanie Turner,1
Liz Garbus,2
Mehmet Ada Öztekin,1
Jos Humphrey,1
Sharmeen Obaid-Chinoy,1
Toyin Abraham,1
Ruchi Narain,1
Christophe Charrier,1
Daniel Calparsoro,2
Trivikram Srinivas,2
Kittiphak Thonguam,1
Cristi Puiu,2
Sebastian Jones,1
 Ramez Silyan,1
Carlos Sedes,1
Adam B. Stein,1
 Zach Lipovsky,1
Athiyan Athirai,1
Zuko Nodada,1
Madonna,1
Milton Horowitz,1
Sneha Taurani,1
Momoko Kamiya,3
Matthew Ross,1
Lee Kirk,1
Ziggy Hofmeyr,1
Gustavo Ron,1
Yacine Belhousse,1
Sam Dunn,2
Kunihiko Yuyama,2
 Motonori Sakakibara,1
Ali Kalthami,1
 Meshal Aljaser,1
 Faris Godus,1
 Mohamed al Salman,1
 Faisal al Amer,1
Tolu Awobiyi,1
Oyefunke Fayoyin,1
Jason Orley,1
Robert Eagar,1
Travis Stevens,1
Mick Grogan,1
Nora Fingscheidt,1
Jeethu Joseph,2
Dee Rees,2
Sooni Taraporevala,1
Linda Korsten,1
Tom Barton-Humphreys,1
Angelina Jolie,2
R.J. Daniel Hanna,1
Paco Cabezas,1
Peter Billingsley,1
Jason Zada,1
Avgousta Zourelidi,1
Richard Phelan,1
 Will Becher,1
Rod Cabatana Marmol,1
Michał Tylka,1
Oliver Kienle,1
Brian Webber,1
Takashi Yamazaki,1
 Ryuichi Yagi,1
 Makoto Hanafusa,1
Pantham Thongsang,1
 Cheewatan Pusitsuksa,1
Paul Krüger,1
 Anél Stolp,1
Benny Safdie,1
 Josh Safdie,1
Andres Clariond,1
Andrew Dean,1
Lars Klevberg,1
Lukasz Kosmicki,1
Shanavas K. Bavakutty,1
Kwabena Gyansah,1
Jeff Baena,3
Kumaran,1
Jared Moshé,1
Austin Peck,1
 Anneliese Vandenberg,1
James Bamford,1
Julia Willoughby Nason,1
 Jenner Furst,1
Nate Adams,3
 Adam Carolla,3
Ivan Silvestrini,1
Robert Krantz,1
Gregory Jacobs,1
Alfonso Cortés-Cavanillas,1
Xavier Manrique,1
Richard Gabai,1
Alfons Adetuyi,1
Thomas Astruc,2
Erwin van den Eshof,2
G.J. Echternkamp,3
Hikari,1
Jean-Claude Flamand-Barny,1
Lana Wilson,1
Shannon Hartman,9
David Oelhoffen,1
Ramesh Sippy,1
 Ajay Bhuyan,1
Josh Z. Weinstein,1
 Joshua Z. Weinstein,1
Chung Mong-hong,1
Johnny Breedt,1
César Rodrigues,1
Quek Shio-chuan,1
Pablo Stoll,1
 Juan Pablo Rebella,1
Krysia Plonka,1
Madhumita,1
Debamitra Biswal,1
David Lynch,1
Tyler Perry,2
Caryn Waechter,1
Tim Hill,1
Numa Perrier,1
Brian Helgeland,1
Yoshiyuki Momose,1
Danny Boyle,2
Rima Das,1
Paco Plaza,2
Andrew Goth,1
William Kaufman,1
David Benioff,1
 D.B. Weiss,1
Steve Boettcher,1
Mikhil Musale,2
Tom Green,1
David Lowery,1
Maria Ripoll,3
Yibrán Asuad,1
Edwin,2
Vadim Jean,1
Mark A.Z. Dippé,3
 Kyung Ho Lee,1
 Eondeok Han,1
John A. Davis,1
Justin Webster,2
Tetsuo Yajima,1
John Lyde,1
Steve Rash,1
Ravi Babu,1
Soumitra Ranade,1
Jon Rosenbaum,3
Bruce Leddy,1
Yuki Yamato,1
Andrew Wessels,1
Emir Kusturica,1
Odunlade Adekola,1
Elisa Fuksas,1
Lee Toland Krieger,1
Akiyuki Shinbo,1
 Nobuyuki Takeuchi,1
Ron Oliver,3
Shojiro Nishimi,1
 Guillaume Renard,1
Pepe Bojórquez,1
Rhys Thomas,2
David M. Rosenthal,2
Louise Alston,1
Sunkanmi Adebayo,1
Falz,1
Frank Rajah Arase,2
Fernando Meirelles,2
Rodrigo Reyes,1
Mark Lewis,1
Sebastian DiNatale,1
Nuhash Humayun,1
 Syed Ahmed Shawki,1
 Rahat Rahman,1
 Robiul Alam Robi,1
 Golam Kibria Farooki,1
 Mir Mukarram Hossain,1
 Tanvir Ahsan,1
 Mahmudul Islam,1
 Abdullah Al Noor,1
 Krishnendu Chattopadhyay,1
 Syed Saleh Ahmed Sobhan,1
Karan Anshuman,1
Farhan Akhtar,4
Zoya Akhtar,4
Mrighdeep Singh Lamba,1
Tsutomu Mizushima,2
Reema Kagti,2
Jadesola Osiberu,1
Vijay Lalwani,1
Abhishek Kapoor,3
Michael Bay,3
Biodun Stephen,1
Ding-Lin Wang,1
Richard van't Riet,1
Shonali Bose,1
Lance Bangs,8
Robbie Countryman,1
Trey Edward Shults,2
Sujeeth,1
Alexandre Avancini,2
Noah Baumbach,7
Atsuko Ishizuka,1
Eric Aghimien,1
Michel Tikhomiroff,1
Robert Kenner,2
 Taki Oldham,1
John Schultz,3
Linda Mendoza,3
Michelle Johnston,1
Vijay Kumar Arora,1
Matt Shakman,1
Mikhail Red,3
Pankaj Batra,3
Serge Ou,1
Navaniat Singh,2
Gaurav Bavdankar,1
Jagdeep Sidhu,1
Tanawat Aiemjinda,1
Mukesh Vohra,1
Syrine Boulanouar,1
 Nekfeu,1
Tudor Giurgiu,1
 Ignacio Jaunsolo,1
Abhishek Sharma,3
Mati Diop,1
Jérémy Clapin,1
Mandla Dube,1
Mike Ezuruonye,1
Cheta Chukwu,1
Roger Russell,1
Edward Zwick,1
Basava Shankar Eeday,1
Elle-Máijá Tailfeathers,1
 Kathleen Hepburn,1
Sanjiv Jaiswal,1
Marta Jaenes,1
 Rosa Márquez,1
Julien Abraham,1
Monika Mitchell,1
Eva Orner,1
KVR Mahendra,1
Juan Carlos Rulfo,1
Raj R,1
Steve Paley,2
Timo Vuorensola,1
Robb Dipple,1
Eli Roth,3
Wash Westmoreland,1
Alessandro Angulo,2
Mauro Scandolari,1
Arjun Jandyala,1
Shashanka Ghosh,2
 Samit Basu,1
Naoko Yamada,2
Sergio Pablos,1
Valli Bindana,1
Makoto Shinkai,1
Gautier & Leduc,1
Christopher Storer,2
Josh Aronson,1
Luke Snellin,1
Xavier Durringer,1
Pawan Kumar,1
Phillip Youmans,1
Zhang Yimou,1
Neal Brennan,3
Azazel Jacobs,1
Jung Ji-woo,1
Matt D'Avella,1
Parthiban,1
Scott McAboy,1
Raymie Muzquiz,1
 Stu Livingston,1
Joe Menendez,1
Eric Bross,1
Will Eisenberg,1
Marina Seresesky,1
Kenny Leon,1
Harvey Lowry,2
James Dearden,1
Drea Cooper,1
 Zackary Canepari,1
Michael A. Nickles,1
Blayne Weaver,1
David Michôd,3
Marco Bonfanti,1
Everardo González,2
Rodrigo Guardiola,1
 Gabriel Cruz Rivas,1
Juani Libonatti,1
DJ Chen,1
Park Joon-hwa,1
Saravana Rajendran,1
Matt Kay,1
Craig Brewer,3
Billy Lyons,1
Michael Steed,1
Zak Hilditch,2
Michael Steiner,1
Andrew Slater,1
Glen Goei,1
 Gavin Yap,1
Huw Cordey,1
Yuen Woo-ping,1
Gillian Robespierre,2
Thomas Vinterberg,1
Ciarán Foy,2
Daniel Sánchez Arévalo,1
Don Omope,1
Ed Perkins,1
Steven Soderbergh,6
Udai Singh Pawar,1
Guntur Soeharjanto,1
Bassam Tariq,1
Leslie Iwerks,2
Louie Psihoyos,1
Ahmet Katıksız,1
Jean-François Blais,1
Leïla Sy,1
 Kery James,1
Vince Gilligan,1
Bolanle Austen-Peters,1
Dennis Rovira van Boekholt,1
Naoto Amazutsumi,1
Jenny Gage,1
Kaila York,1
Vandana Kataria,1
Onur Bilgetay,1
Vincenzo Natali,1
Tugçe Soysop,1
Jacob Joice,2
 Steve Ball,1
Luis Javier Henaine,1
Anand Kamalakar,1
Lee Yoon-jung,1
Roy Poortmans,1
Vrinda Samartha,1
Nicholaus Goossen,1
Stig Bergqvist,1
 Paul Demeyer,1
Igor Kovalyov,1
 Norton Virgien,1
Danny Cannon,1
Mana Yasuda,2
Gupse Özay,1
Jim Mickle,1
Jumpei Mizusaki,1
 Koji Morimoto,1
 Michael Arias,1
 Arthell Isom,1
 Henry Thurlow,1
 Takanobu Mizuno,1
 Elsa Nakamichi,1
 Hajime Sasaki,1
 Shinji Takagi,1
Mangesh Hadawale,1
Wong Kar Wai,1
Otilia Portillo Padua,1
B. V. Nandini Reddy,3
Michael J. Bassett,2
Rahul Ravindran,1
Archie Borders,1
Deepti Naval,1
Scott Aukerman,2
Mariano Barroso,1
Kiko Cruz Claverol,1
 Patricia Font,1
Sandeep Reddy Vanga,1
Randall Lobb,2
Alex Stapleton,1
Teng Huatao,1
Nzingha Stewart,1
Orlando von Einsiedel,3
Anubhav Sinha,1
Maha Venkatesh,1
Tharun Bhascker,1
Farhan Alam,1
A. L. Vijay,2
Petra Costa,3
Hayato Date,1
 Lea Glob,1
Rémy Four,1
 Julien War,1
Alejandro Fernández Almendras,2
Jota Linares,2
Wagner de Assis,1
White Trash Tyler,1
Stan Lathan,4
Yeung Yat-Tak,1
Rai Yuvraj Bains,1
Sunil Thakur,1
Muh Chen,1
Saurabh Sinha,1
Ashwin Saravanan,3
Julia Knowles,1
Tarsem Singh,2
Kepa Sojo,1
 Anurag Kashyap,2
Cho Li,1
 Chen Hung-yi,1
 Weica Wang,1
 Liu Bang-yao,1
 Lin Guan-fu,1
 Shen Chi,1
 YC Tom Lee,1
Manu Ashokan,1
Anita Udeep,1
Vlad Yudin,6
Alberto Arnaut Estrada,1
Robert Moresco,1
Aadish Keluskar,1
Joe Murray,1
 Cosmo Segurson,1
Jesse Moss,1
Shin Won-ho,2
Sujoy Ghosh,3
John Asher,3
Alex Burunova,1
Jesús Torres Torres,1
Camille Shooshani,1
Vijay Kumar,1
Phanindra Narsetti,1
Gideon Raff,1
Jorge M. Fontana,1
Olivier Afonso,1
Karim Amer,1
 Jehane Noujaim,1
Jay Chapman,12
 Demetri Martin,1
Dante Lam,3
Chi Keung Fung,1
Corey Yuen,2
 Patrick Leung,1
To-hoi Kong,1
Frank Ariza,1
Jerry Seinfeld,2
Aditya Sarpotdar,2
Nisheeta Keni,1
Daniel Gray Longino,2
Gerardo Olivares,2
Wi Ding Ho,1
Joe Lynch,1
Andreas Pichler,1
Daniel Arasanz,1
Spike Jonze,2
Marcelo Altmark,1
 Mariano Mucci,1
 Luis A. Scalella,1
Hernán Zin,4
Sittisiri Mongkolsiri,1
Robbie Grewal,1
Thiagarajan Kumararaja,1
Kate Horne,1
Roberto Girault Facha,1
 Marcos Bucay,1
Svati Chakravarty Bhatkal,1
Kevin Bray,1
 Jesse Johnson,1
Miguel Cohan,1
 Miguel Cohan,1
Luis Alberto Restrepo,1
 Andrés Beltrán,1
 Jaime Rayo,1
Hideaki Anno,2
 Kazuya Tsurumaki,1
Abhijit Kokate,1
 Srivinay Salian,1
Antonin Baudry,1
Jon Watts,1
Jakob Lass,1
John Haptas,1
 Kristine Samuelson,1
Sanjay Jadhav,2
Vinod Kapri,1
Elías León,1
Kyle Newacheck,2
Mark Ritchie,1
Rocky Soraya,6
Federico Veiroj,2
Isabel Coixet,1
Grant Sputore,1
Juan Antin,1
Hanno Olderdissen,1
Amar Kaushik,1
Eva Trobisch,1
Mathieu Auvray,1
Limbert Fabian,1
 Brandon Oldenburg,1
Datta Mohan Bhandare,1
Sanjib Dey,1
Daniel Yee Heng Chan,1
Rakeysh Omprakash Mehra,4
Han Han,1
Jang Jae-hyun,1
Sudabeh Mortezai,1
Richard Shepard,1
Mike Diva,1
 Akiva Schaffer,2
Trisha Ziff,1
Vasan Bala,1
Diego Enrique Osorno,1
Pedring A. Lopez,1
Sam Cullman,1
Francesco Imperato,2
Stefon Bristol,1
Kate Melville,1
Aditya Vikram Sengupta,1
Mandie Fletcher,1
Aijaz Khan,1
Gonzalo López-Gallego,3
Abby Epstein,1
Hepi Mita,1
Che Sandoval,1
Jean-Bernard Marlin,1
Yee Tung-Shing,1
Patricia Font,1
Yen Cheng-kuo,1
Alex Parkinson,1
 Richard da Costa,1
Frant Gwo,1
Hao Wu,1
Felipe Cano,1
Gabriela Tagliavini,1
Lee Jeong-beom,1
William Bindley,1
Manav Shah,1
Michael Epstein,1
Rachel Lears,1
Syamsul Yusof,1
Mangesh Kanthale,1
Herman Yau,2
Dar Gai,1
Sathyan Anthikad,1
Brian Oakes,2
Bille August,1
Fab Five Freddie,1
Sandra Restrepo,1
Sarthak Dasgupta,1
Jennifer Kaytin Robinson,1
Renato De Maria,1
Alan Rickman,1
Ulises Valencia,2
Beyoncé Knowles-Carter,1
Richard Curtis,1
Suparn Verma,1
Anant Balani,1
Soukarya Ghosal,1
Leena Yadav,3
Amitabha Singh,1
Hasan Karacadağ,3
Chris Nelson,1
Lee Kyoungmi,1
 Yim Pilsung,1
 Jeon Go-woon,1
 Kim Jong-kwan,1
John R. Leonetti,1
Jeremiah Jones,1
Brie Larson,1
 Anggy Umbara,1
Shelly Chopra Dhar,1
Shanjey Kumar Perumal,1
Tianyu Zhao,1
Shazia Ali Khan,1
Erik White,1
Owen Egerton,1
"Sam ""Blitz"" Bazawule",1
Swapnaneel Jayakar,2
Kyzza Terrazas,1
John Lee Hancock,3
Theo Love,1
Awi Suryadi,1
Raj Babu,1
Javier Ruiz Caldera,2
Chanon Yingyong,1
 Phuwanit Pholdee,1
Stuart Sender,1
Wenn V. Deramas,6
Joyce Bernal,2
Maryo J. De los Reyes,2
Karan Shivajirao Chavan,1
 Vikram Tanajirao Patil,1
Amy Schumer,2
Richard Loncraine,1
Pia Sukanya,1
Yann Gozlan,1
Lukas Dhont,1
 Matthew McNeil,1
Frank W Chen,1
Olivia M. Lamasan,3
J.C. Chandor,2
Brian Klein,2
Ibrahim Bin Mohamed,1
 Hasan Aljaberi,1
Clark Johnson,2
Emmanuel Mouret,1
Conor Allyn,1
Nuel Naval,1
Keoni Waxman,2
Isao Yukisada,1
A.R. Murugadoss,2
Fritz Ofner,1
Nottapon Boonprakob,1
Xavier Gens,1
Jonathan A. Rosenbaum,1
Franck Phelizon,1
Peter Howitt,1
Chiwetel Ejiofor,1
Rodrigo Salomón,1
 Pietro Scappini,1
Miguel Ángel Vivas,1
Carlos Vermut,1
Sridhar Rangayan,2
Michael Blieden,1
Pawan K Shrivastava,1
Mar Targarona,2
Aruna Raje,1
Alex Lehmann,3
Elisabeth Vogler,1
Parambrata Chatterjee,2
Woo Min-ho,1
Paul Miller,1
Michael Del Monte,1
Suseenthiran,1
Kevin MacDonald,2
Matt Tyrnauer,1
Prasanth Varma,1
Gangadhar Salimath,1
Daniel J. Clark,1
Marcelo Galvão,2
Shanawaz Nellikunnil,1
Lars Kaalund,1
Hari Nath,1
Saket Chaudhary,1
Tanuja Chandra,2
Jackie van Beek,1
 Madeleine Sami,1
Sachin Kamlakar Khot,1
Daniel Monzón,1
Rayka Zehtabchi,1
Tom Stern,1
Kelly Duane de la Vega,1
Julio Medem,1
Johnny Kevorkian,1
Amshan Kumar,1
Adam Davis,1
 Jerry Kolber,1
 Trey Nelson,1
 Erich Sturm,1
Hsu Chih-yen,1
 Mag Hsu,1
Rick Morales,1
Michael D. Black,2
Dan Gilroy,2
Mamat Khalid,1
Amarjit Virdi,1
Nishil Sheth,1
Byun Hyuk,1
Zoe Berriatúa,2
Adam Bhala Lough,1
Faozan Rizal,1
Mansore,1
Kuntz Agus,1
 Meisa Felaroze,1
Jerrold Tarog,2
Laura Alvea,1
 José Ortuño,1
Gastón Duprat,2
Andy Caballero,1
 Diego Corsini,1
Seren Yüce,1
Jonathan Helpert,1
André D'Elia,1
Skye Borgman,1
Hashim Nadeem Khan,1
Sarjun,1
Feroz,1
Syed Atif Ali,1
Lee Seung-won,1
Rik Reinholdtsen,1
Gauravv K Chawla,1
Bent-Jorgen Perlmutt,1
Hugo Stuven,1
Greg Pritikin,1
Kobun Shizuno,3
 Hiroyuki Seshita,3
Kunal Kohli,1
Noor Imran Mithu,1
Nonzee Nimibutr,1
Ísold Uggadóttir,1
Lorena Munoz,1
Genevieve Nnaji,1
Terry Gilliam,4
 Terry Jones,1
Yanyong Kuruaungkoul,1
Lenin Bharathi,1
Ranjit Jeyakodi,1
Ram,1
John Fortenberry,3
Chris Bould,2
Kevin Booth,1
 David Johndrow,1
Paul M. Green,1
Julio Fernández Talamantes,1
Walter C. Miller,3
Noriyuki Abe,3
Ellen Brown,1
Matt Askem,6
Rob Zombie,1
Álvaro Brechner,1
Rakesh Mehta,1
Eduardo Chauvet,2
Gonzalo Bendala,1
Noam Murro,2
Kheiron,1
Susanne Bier,1
Irek Dobrowolski,1
Gilbert Chan,1
Rarecho,1
Steve Cheng,1
Sam Loh,1
Jason Lai,1
Samit Kakkad,1
 Tig Notaro,1
Prasobh Vijayan,1
Sriram Raghavan,2
Elaine Bogan,1
 John Sanford,1
Michael Cuesta,2
David Cronenberg,1
Thom Zimny,1
James Marsh,1
Sean Olson,1
Sigrid Andrea Bernardo,1
Guillermo de Oliveira,1
Manoj Beedha,1
Alfonso Cuarón,3
John Hoffman,1
 Nanfu Wang,1
Marco Risi,1
Anne Fletcher,1
Marek Losey,1
Andy Serkis,1
Mat King,1
Bert Marcus,2
Ahsan Rahim,1
Andrew Lau Wai-Keung,3
Cheang Pou Soi,1
Enrique García Meza,1
Katarina Launing,1
Johnnie To,8
Lawrence Cheng,1
Prakash Balwant Saini,1
Nam Ron,1
Baljit Singh Deo,2
Leung Lok Man,1
 Luk Kim-ching,1
Jazz Boon,1
Felix Chong,1
Dhanush,1
Gary Mak,1
Liu Jiang,1
Joseduardo Giordano,1
 Sergio Goyri Jr.,1
Alice Rohrwacher,1
Nandita Das,1
Romain Gavras,1
Sebastián Hofmann,1
Denny Lu,1
 Mike Myhre,1
Clay Kaytis,1
Fernando Colomo,1
Robert Vince,6
Raditya Dika,2
David Paul Meyer,2
Daniel Goldhaber,1
Fred Cavayé,1
Joel Coen,1
 Ethan Coen,1
V C Abhilash,1
Nila Madhab Panda,3
Timo Tjahjanto,3
Nakul Singh Sawhney,1
Nishanth Ravindaran,1
 Jathin Sanker Raj,1
Swapna Waghmare Joshi,1
Erik Matti,1
Christopher Guest,2
Vincent Kok,1
Christian Zübert,1
David Mackenzie,3
Tejas Prabha Vijay Deoskar,1
Matheus Souza,1
Sara Dosa,1
Bradley Walsh,1
Orson Welles,1
Morgan Neville,3
Indrajit Nattoji,1
Raj Kumar Gupta,3
Remo D'Souza,3
Arnab Chaudhuri,1
Rana Ranbir,1
Priyadarshan,6
 Kookie V. Gulati,1
Vivek Agnihotri,1
Habib Faisal,1
Bobby Roth,1
Halder Gomes,1
Amitoj Mann,3
B. Unnikrishnan,1
Madhur Bhandarkar,5
Sajid Khan,1
Saji Surendran,1
Ksshitij Chaudhary,2
Sundar C.,2
Gary Binkow,1
Nikhil Advani,2
Navinder Pal Singh,1
Kunal Deshmukh,1
R. Kannan,1
Gaurav Narayanan,1
Kevin Layne,2
Jennifer M. Kroot,1
Akin Omotoso,1
Dani de la Torre,1
Tinge Krishnan,1
Aleksey German,1
Sergio Barrejón,1
Sandi Tan,1
Vijay Yelakanti,1
S.S. Rajamouli,7
Joanna Lombardi,1
 Bruno Ascenzo,1
Kim Jee-woon,1
Rajesh Touchriver,1
David Lam,1
Thiru,2
Tom Forrest,1
Anik Datta,1
Shaad Ali,1
Gareth Evans,2
Paul Urkijo Alijo,1
Johanna Demetrakas,1
Padraic McKinley,1
Rizal Mantovani,2
Rusty Cundieff,1
 Darin Scott,1
Kabir Bhatia,1
Chris Eigeman,1
Olaf de Fleur,1
Tamara Jenkins,1
Kavi Raz,1
Nick Simon,1
Eric Idle,2
 Aubrey Powell,1
Anthony Giordano,2
Will Yapp,2
Terry Hughes,1
 Ian MacNaughton,1
Roger Graef,1
 James Rogan,1
Terry Jones,1
Ian MacNaughton,1
Albert Sharpe,1
Simranjit Singh Hundal,1
N. Linguswamy,2
Deep Joshi,1
Manjeet Maan,1
Shagufta Rafique,1
Tinu Pappachan,1
Amarpreet G S Chabbra,1
Paresh Mokashi,1
Rohit Jugraj,4
Atharv Baluja,1
Vishal Bhardwaj,5
Puneet Sira,1
Aziz Mirza,3
Sameer Sharma,1
Chandan Arora,1
Rajan Madhav,1
Raaghav Dar,1
Ishi Rudell,4
David Lee Miller,1
Amit Saxena,1
Jaivi Dhanda,1
Suman Ghosh,1
Kabir Khan,1
Akshay Akkineni,1
Nidhi Sharma,1
Mastan Alibhai Burmawalla,1
 Abbas Alibhai Burmawalla,1
Vipin Parashar,1
Vikram Pradhan,1
Vijay,1
Sartaj Singh Pannu,1
Ayaan Mukherji,1
Sidharth Malhotra,1
Saket Behl,1
Anjum Shahzad,1
Ken Kwapis,1
Monique Gardenberg,1
Han Yan,1
Jeremy Saulnier,4
Kim A. Snyder,2
Álvaro Longoria,1
 Gerardo Olivares,1
Anthony Byrne,1
Rashida Jones,1
 Alan Hicks,1
Ariel Vromen,1
Nicole Holofcener,1
Alessio Cremonini,1
Joram Lürsen,2
Madeleine Gavin,1
Kevin R. Adams,1
 Joe Ksander,1
Ian Samuels,1
Franck Ribière,1
Peter Ho,1
Qaushiq Mukherjee,3
Onir,3
Jatla Siddartha,1
Kanwal Sethi,1
Samuel Jouy,1
Shivam Nair,2
Jordan Brady,1
Todd Biermann,1
Patrick Graham,1
Mike Clattenburg,5
Han Qing,1
Atlee Kumar,1
Ravi Udyawar,1
R. Balki,1
Shree Narayan Singh,1
Manuel Martín Cuenca,1
Susan Johnson,2
Y. Joon Chung,1
Rucha Humnabadkar,1
Mike Newell,4
Jake Szymanski,1
Abhishek Varman,1
Sabir Khan,1
Nikhil Nagesh Bhat,1
Xiaoxing Yi,1
 Yoshitaka Takeuchi,1
 Haoling Li,1
Lauren Miller Rogen,1
 Nitesh Tiwari,1
Khalid Mohamed,1
Sanjay Leela Bhansali,1
Prem Soni,1
Prabhu Deva,1
Mandeep Kumar,1
Jesse Handsher,1
 Olivier Roland,1
Pablo Giorgelli,1
Ted Emery,2
Tony Datis,1
Raúl Campos,18
 Jan Suter,18
Ben Young,1
Kirby Dick,1
Chris Jenkins,1
Diego Cohen,1
Lee Eung-bok,1
Jody Hill,1
Samu Fuentes,1
Alexandre Espigares,1
Scott L. Montoya,2
Sam Voutas,1
Raj Kaushal,1
 Christopher Storer,2
K.C. Bokadia,1
Samir Soni,1
Juan Antonio de la Riva,1
 Cyrus Saidi,1
Shlok Sharma,2
Yayo Herrero,1
Matt Palmer,1
Rodrigo Triana,1
Elaine McMillion Sheldon,2
Federico D'Alessandro,1
Seiji Mizushima,1
Myriam Aziza,1
Gerard Barrett,1
Rene Liu,1
 Jon Olb,1
Oded Raz,1
Mariana Tschudi,1
 Héctor Gálvez,1
Ramón Salazar,1
Eduardo Mendoza de Echave,1
Craig Johnson,1
Jeffrey Walker,2
Shadab Khan,1
Nattawut Poonpiriya,1
Felix Starck,1
Norberto López Amado,1
Alex Richanbach,1
Tig Notaro,1
Brit McAdams,1
Mercedes Cordova,1
Hayao Miyazaki,1
Anthony Abrams,1
 Adam Larson Broder,1
Trey Borzillieri,1
 Barbara Schroeder,1
Bobcat Goldthwait,3
Dani Levy,1
Sonny Mallhi,1
Andrew Niccol,2
Isabelle Nanty,1
Rob Epstein,1
 Jeffrey Friedman,1
Antonio Morabito,1
Rene Bueno,1
John Woo,1
Patricia Ferreira,1
Jimmy Henderson,1
Devashish Makhija,1
Amal Neerad,1
Fluvio Iannuci,1
 Roly Santos,1
Julius R. Nasso,1
Lucas Figueroa,1
Alfonso Rodríguez,1
Guillermo Garcia,1
 David Cantolla,1
Dito Montiel,1
Vicente Villanueva,1
Amit Roy,1
Teddy Lussi-Modeste,1
Dawn Porter,1
Ben Shelton,1
Curro Velázquez,1
Robert Smigel,1
Max Amini,1
Jason Sussberg,1
 David Alvarado,1
Célia Catunda,1
 Kiko Mistrorigo,1
 Rodrigo Eba,1
Sang-ho Yeon,2
Andy Fickman,2
Olivia Milch,1
David Sington,2
 Heather Walsh,1
Pedro Coutinho,1
Joshua Marston,1
Eleonore Pourriat,1
Peter Webber,1
Peter Orton,2
Marja Lewis Ryan,1
Ryan Koo,1
Hatem Khraiche,1
Derek Peck,1
Jennifer Morrison,1
Hèctor Hernández Vicens,1
Kader Aoun,1
Abhay Chopra,1
Diego Lerman,1
Farah Khan,4
Ananda Krishnan,1
Amol Palekar,1
Joe Miale,1
Olivia Newman,1
Jared Stern,1
Lennart Ruff,1
Dan Lucchesi,1
Mijke de Jong,1
Daryl Hannah,1
Michael Larnell,1
Advait Chandan,1
Brandon Camp,1
Alison Klayman,2
Yoo Byung-jae,1
Sunao Katabuchi,1
Johan Brisinger,1
Maria Sadowska,1
Yang Woo-seok,1
John L. Spencer,1
Victor Cook,1
Kazuya Murata,1
Martin Zandvliet,1
Uraaz Bahl,1
 Rick Benattar,1
Ben Wallis,2
Robin Aubert,1
Mitch Gould,1
Lars Büchel,1
Amit Barot,1
Carlo Padial,1
Mike Smith,3
Milind Dhaimade,1
Hong-seon Kim,1
Duncan Jones,2
Hang-Jun Jang,1
Fumihiko Sori,1
Mariano Baez,1
Stephanie Laing,1
Anand Tiwari,1
Roberta Grossman,1
 Sophie Sartain,1
David Bruckner,1
Tamta Gabrichidze,1
Ari Sandel,2
Julius Onah,1
Ildiko Enyedi,1
You-Jeong Chang,1
Dan Forrer,2
Selima Taibi,1
Marty Callner,1
Javier Ambrossi,1
 Javier Calvo,1
David Wain,1
Isaac Florentine,1
Scott Moran,2
Santiago Diaz,1
 Pablo Martin Farina,1
Charles Stone III,3
Matt Angel,1
 Suzanne Coote,1
Chris Baugh,1
Latif Faiziyev,3
 Umesh Mehra,3
Rajiv Mehra,5
Rhiannon Bannenberg,1
David Mrnka,1
Maya Forbes,1
Choi Jin-seong,1
Milind Rau,1
Craig Elrod,1
Jose Manuel Colón,2
Yasuhiro Irie,1
Alethea Jones,1
Jay Baruchel,1
Ludovic Bernard,1
Noël Wells,1
Patrick Brice,2
Daniel Kontur,2
Diego Kaplan,1
Marco Deufemia,1
 Justin G. Dyck,1
Lydia Tenaglia,1
Varun Narvekar,1
Seth Henrikson,1
Benson Lee,1
Umesh Mehra,5
Drew Heriot,1
Joel Crawford,1
Michael Barrett,1
Evan Spiridellis,1
 Jeff Gill,1
Leopoldo Aguilar,1
Nana Ekvtimishvili,1
 Simon Gross,1
Olivier Jean-Marie,1
Myles Kane,1
 Josh Koury,1
Shreyas Talpade,1
Jon Alpert,1
Ibai Abad,1
 Jim Gable,1
Josh Wakely,1
Jacob Kornbluth,2
Alain Desrochers,1
Go Koga,1
Christian Charles,1
Bronwen Hughes,1
John Ridley,1
Pali Yahya,1
Alo Sarkar,1
Iñaki Dorronsoro,1
Ali Bin Matar,1
 Ibrahim Bin Mohamed,1
Ali Samadi Ahadi,1
D Ho,1
Judah Friedlander,1
Errol Morris,2
Alex Israel,1
Griffin Dunne,1
Katherine Dieckmann,1
Heidi Ewing,2
 Rachel Grady,2
Jeremy Rush,1
Reem Kherici,1
Ranjit Tiwari,1
David Stubbs,1
Shakti Samanta,2
Mahmoud al Massad,1
Yesim Ustaoglu,1
Jan Suter,3
Lucy Cohen,1
Mahmoud Sabbagh,1
Borja Cobeaga,1
David France,1
Brandon Jones,1
Geun-hyun Cho,1
Carlos Therón,1
Francesco Carrozzini,1
Karen J. Lloyd,2
Vibeke Idsøe,1
Carlos Algara,1
 Alejandro Martinez-Beltran,1
Jacob LaMendola,1
Ritesh Batra,1
Dylan Howitt,1
Nabil Ayouch,1
Louis J. Horvitz,1
Warren P. Sonoda,2
Álex de la Iglesia,2
Chris Moukarbel,1
Ana Lily Amirpour,1
Michael Bonfiglio,1
Yance Ford,1
Fernando Lebrija,1
Rodrigo Toro,1
 Francisco Schultz,1
José Miguel Contreras,1
Toshiyuki Kubooka,3
Todd S. Yellin,1
Mohammed Hussain,1
Eli Craig,2
Shammi Kapoor,1
Florian Schnell,1
Josh Izenberg,1
 Wynn Padula,1
 Mariano Cohn,1
Gary Wang,1
Raz Degan,1
Israel Adrián Caetano,3
Mariano Cohn,1
 Gastón Duprat,1
Sarah Adina Smith,1
Cate Shortland,1
Adam Wingard,1
Daniel Lindsay,2
 T.J. Martin,2
Tommy Wirkola,1
Jean-Claude La Marre,1
Jorge Hernandez Aldana,1
Will Canon,1
Rob Silvestri,1
Matthias Hoene,1
Bryan Fogel,1
Fabrice Du Welz,1
John Butler,1
Ali Scher,1
Maz Jobrani,1
Isaac Rentz,1
Christopher Murray,1
Claude Lelouch,1
Vanessa Roth,1
Jim Strouse,1
Kasper Collin,1
Fazila Allana,1
Eric Abrams,1
Agustí Villaronga,1
Harry Chaskin,1
Marti Noxon,1
Stefan Brogren,1
Pat Healy,1
Nicolas Brossette,1
Serdar Akar,1
Lekh Tandon,3
Doesjka van Hoogdalem,1
Sushil Majumdar,1
Geetu Mohandas,1
Paulo Oriol,1
Oskar Santos,1
Bill D'Elia,2
Brian Knappenberger,1
Brent Bonacorso,1
Nitesh Tiwari,1
Roy Burdine,1
 Johnny Castuciano,1
Jay Bulger,1
Kip Andersen,2
 Keegan Kuhn,2
Iginio Straffi,2
Arun Chidambaram,1
Caio Cobra,1
Cal Seville,2
Michael John Warren,1
Chang-Min Lee,1
Oren Uziel,1
Manika Sharma,1
 Kimo Stamboel,1
Jun-seong Kim,1
Edward Cotterill,4
Onur Tukel,1
Jayaprakash Radhakrishnan,1
Rob Meyer,1
Anita Barbosa,1
Ketan Mehta,3
Daniel Wilner,1
Alberto Rodríguez,1
Joe Piscatella,1
Rahul Dholakia,1
Jean-Patrick Benes,1
Hiroyuki Seshita,1
Lygia Barbosa da Silva,1
 Eliane Brum,1
Kundan Shah,4
So Yong Kim,1
Alina Teodorescu,1
Filip Renc,1
Dylan Bank,1
 Daniel DiMauro,1
 Morgan Pehme,1
Sean Foley,1
Pierre Coré,1
Liz Plonka,1
Jeff Garlin,1
 Raúl Campos,1
Michael Barnett,1
Jessica Yu,1
K. Rajagopal,1
Praveen Nischol,1
Lucien Jean-Baptiste,1
Sean Cisterna,2
Sudhanshu Saria,1
Dilip Mehta,1
Isaki Lacuesta,1
 Isa Campo,1
Kitty Green,1
Evan Katz,1
Gauri Shinde,1
Oliver Schmitz,1
Felix Herngren,1
 Måns Herngren,1
Jill Bauer,2
 Ronna Gradus,2
 Rashida Jones,1
Fernando Coimbra,1
Adam Leon,1
Andrea Molaioli,1
Marie Madinier,1
Miguel Ángel Lamata,1
Steven Brill,2
Antonio Serrano,2
Grant S. Johnson,1
 Ippsie Jones,1
Joe Swanberg,1
Louis C.K.,3
Alexandre Reinecke,1
Jamal Hill,1
K. Ramanlal,1
Maris Curran,1
Avinash Arun,1
Jason Spingarn-Koff,1
A. Salaam,1
Eduardo Casanova,1
Daniel Burman,1
Kike Maíllo,1
Laurent Bouzereau,1
Gordon Anderson,1
Charlie McDowell,2
Meghan O'Hara,1
Tommy O'Haver,1
Lonny Price,1
Sydney Freeland,1
Jung-woo Park,1
James Ivory,1
Santosh Sivan,2
Erik Canuel,2
Peter Middleton,1
 James Spinney,1
Shashilal K. Nair,1
Marcel Barrena,1
Gerard McMurray,1
Selvamani Selvaraj,1
 Mike Birbiglia,1
Lô Politi,1
Tomas Portella,1
Macon Blair,1
Keith Scholey,1
Juan Pablo Buscarini,1
Thomas Stuber,1
 Scot McFadyen,1
Raúl Arévalo,1
Matías Bize,1
Michael Paul Stephenson,1
Colin Dench,1
Ricky Gervais,3
Joachim Fest,1
 Christian Herrendoerfer,1
Malik Vitthal,1
Joaquín Mazón,1
Jonás Trueba,1
Peter DeLuise,1
Alejandra Márquez Abella,1
Sébastien Betbeder,1
Adam Randall,1
Marco Dutra,1
Mario Rouleau,1
Aniruddha Roy Chowdhury,1
Chester Tam,1
Hannes Stöhr,1
Andreas Prochaska,1
Maximilian Erlenwein,1
Burhan Qurbani,1
Hubert Woroniecki,1
Alistair Legrand,2
Mir-Jean Bou Chaaya,1
Jeannie Gaffigan,1
Babak Anvari,1
Emily Hagins,1
Greg Richardson,1
Uwe Boll,1
Mitch Schauer,2
Rohit Mittal,1
Steve Hickner,1
Diego Luna,1
Jorge Michel Grau,1
Riki Lindhome,1
 Jeremy Konner,1
Vikram Gandhi,1
Sean Hanish,1
Sinan Akkuş,1
Matt Bell,1
James Hawes,1
Elite Zexer,1
James Yukich,2
Nic Mathieu,1
Chris Kelly,1
Roman Gackowski,1
Benjamin Dickinson,1
Sacha Wolff,1
Adam Nimoy,1
Elizabeth Wood,1
Robert McCullough Jr.,1
Shrihari Sathe,1
Ralph Macchio,1
Ricardo Maldonado,1
Vetrimaaran,1
Linas Phillips,1
Jeff Margolis,1
Bauddhayan Mukherji,1
María Jose Cuevas,1
Chris Sparling,1
 Raúl Campos Delgado,1
 Michelle Caputo,1
Houda Benyamina,1
Volker Weicker,1
Manjeet Singh,1
Lorene Machado,1
 Richard Ladkani,1
Richard Mears,1
Moto Sakakibara,1
Emilio Martínez Lázaro,1
Osgood Perkins,2
Werner Herzog,4
Julien Rambaldi,1
Yvan Attal,1
Benjamin Weill,1
Roger Gual,1
Thomas Sorriaux,1
Clovis Cornillac,1
Jonathan Demme,3
Dave Higby,2
Richie Smyth,1
Riccardo Pilizzeri,1
Guilherme Fontes,1
Aamir Bashir,1
David Schalko,1
Pieter Kuijpers,1
Prashant Nair,1
Paul Taublieb,1
 Jon Freeman,1
Riccardo Milani,1
Rod Blackhurst,2
 Brian McGinn,1
Tony Elliott,1
Dan Krauss,1
Christopher Louie,1
Justin Krook,1
Michael Drumm,2
Alex Coletti,1
John Smithson,1
Christopher Martin,1
Tom Whitter,1
Sian Heder,1
Karl Mueller,1
Allan Ungar,1
Hemant Gaba,1
 Pratim D. Gupta,1
 Sudhish Kamath,1
 Nalan Kumarasamy,1
 Anu Menon,1
 Sandeep Mohan,1
 Qaushiq Mukherjee,1
 Rajshree Ojha,1
 Raja Sen,1
 Abhinav Shiv Tiwari,1
 Suparn Verma,1
Rob Burnett,1
Jon Greenhalgh,1
Felix Van Groeningen,1
 Felix van Groeningen,1
Rodolphe Guenoden,1
Jason Krawczyk,1
Sam Wrench,1
Sophie Robinson,1
 Lotje Sodderland,1
John Lee,1
Yuen Wo-Ping,1
Alik Sakharov,1
L. Frazier,1
Frank Coraci,3
Gary Howsam,1
Kristin Hanggi,1
J. Davis,1
Chris Buck,2
 Jennifer Lee,1
 Patrick Osborne,1
 Lauren MacMullan,1
 John Kahrs,1
 Nathan Greno,1
 Byron Howard,1
 Stevie Wermers,1
 Dean Wellins,1
 Kevin Deters,1
 Roger Allers,1
 Mike Gabriel,1
 Mark Henn,1
Andrew Bujalski,1
Adam Dubin,1
Cary Joji Fukunaga,1
Aaron Hann,1
 Mario Miscione,1
Evgeny Afineevsky,1
Kristina Goolsby,1
 Ashley York,1
Phil Joanou,1
Anthony Pierce,1
Jennifer Phang,1
Mike Fleiss,1
Aziz Ansari,1
David Sampliner,1
Katy Chevigny,1
 Ross Kauffman,1
Wyatt Cenac,1
Luis Lopez,2
 Clay Tweel,1
Robert Nixon,1
 Fisher Stevens,1
Greg Whiteley,1
Jehane Noujaim,1
Jason Moore,1
Josh Greenbaum,1
Will Lovelace,1
 Dylan Southern,1
Constance Marks,1
Larry Elikann,1
Robert Markowitz,1
Eric Laneuville,1
Joel Oliansky,1
Roy Campanella II,1
Arthur Allan Seidelman,1
John Herzfeld,1
Buzz Kulik,1
Richard Michaels,1
Linda Otto,1
Roger Young,1
Rob LaDuca,1
 Robert C. Ramirez,1
Icíar Bollaín,1
Joe Dante,2
Ole Bornedal,1
Sorin Dan Mihalcescu,1
Shane Acker,1
Kevin Reynolds,1
Shravan Kumar,1
Vijay Milton,1
Santwana Bardoloi,1
Atanu Ghosh,2
Lyric R. Cabral,1
 David Felix Sutcliffe,1
Michael Margolis,1
Michael Kennedy,1
Óskar Thór Axelsson,1
Karyn Kusama,2
Adam Deyoe,1
Leif Tilden,1
Melinda Janko,1
Sam Upton,1
Victor Zarcoff,1
Daniel Stamm,2
Daniel Lee,1
Scott Hussion,1
 Seth Fuller,1
Richard Donner,1
Burr Steers,1
David Marmor,1
Raymond Wood,1
Hasraf Dulull,1
Mike Mills,1
Jon Lucas,2
 Scott Moore,2
Joey Curtis,1
Brian Smrz,1
Nicanor Loreti,1
Simon Napier-Bell,1
Betty Thomas,1
Gaby Dellal,1
Iman Brotoseno,1
Shazia Javed,1
Hani Hamdi,2
Ruben Fleischer,2
Maciej Dejczer,1
Jack C. Newell,2
Andrew Nackman,1
Anggy Umbara,1
Victor Levin,1
Jonathan Levine,2
Toa Fraser,2
Bharat Jain,1
Trent Haaga,1
Nizar Shafi,1
Meenu Gaur,1
 Farjad Nabi,1
Padmakumar Narasimhamurthy,1
Richard Attenborough,1
Stanley Kubrick,2
Stephen Gyllenhaal,1
Tom Fassaert,1
Mark Williams,1
Roman Coppola,1
Erik Nelson,1
Teo Konuralp,1
Jim Fall,1
Andy Goddard,1
Chris Bell,2
Christopher S. Rech,1
 Brandon Kimber,1
Michael Lennox,1
Kees Van Oostrum,1
Henry Sarwer-Foner,1
Ishaan Trivedi,1
Asghar Farhadi,2
Maria Burton,1
Natalie Portman,1
Martin Lawrence,1
Adam Shankman,3
Gregory Caruso,2
Rusty Nixon,1
Oliver Daly,1
Midhun Manuel Thomas,1
Chandrakant Kulkarni,3
Uttung Shelar,1
 Seung-uk Jo,1
Chad Van De Keere,2
 Paul Weitz,1
Daniela Goggi,1
Alfonso Serrano Maturino,1
Julien Christian Lutz,1
Julie Taymor,1
Mike McCoy,1
 Scott Waugh,1
Brett Donowho,1
Thierry Donard,5
Anne Fontaine,1
Sandeep Chatterjee,1
Kyle Rideout,1
Bryce Wagoner,1
Brittany Andrews,1
Nicolás López,2
Terry Loane,1
Biswajeet Bora,1
Castille Landon,1
Gervasio Iglesias,1
 Alexis Morante,1
J. Michael Long,1
Susan Glatzer,1
Eva Vives,1
Don Bluth,2
 Gary Goldman,1
 Dan Kuenster,1
Víctor García,1
Charlie Vaughn,1
Chris Blake,1
Matthew Hope,1
Vincent Perez,1
Lee Tamahori,4
Richard Rich,2
Greg Kohs,1
Trey Haley,1
Atul Malhotra,1
Manmohan Desai,1
Khaled Youssef,1
Charlie Siskel,1
Sam Mendes,2
Brendon Marotta,1
Barak Goodman,3
Sharon Grimberg,1
Mark Zwonitzer,1
Wilson Coneybeare,1
Sarik Andreasyan,1
Tony Kaye,1
Andrea Arnold,1
Nick Davis,1
Jerry G. Angelo,1
Asif Kapadia,2
Karan Bali,1
Phil Nibbelink,1
 Simon Wells,1
Larry Latham,2
Perry Lang,1
Ismail Farouk,3
Avinash Das,1
Carlos Marques-Marcet,1
Tim Blake Nelson,1
Luis Mandoki,1
Pan Nalin,1
Sohail Tatari,1
Paul Serafini,1
Juan Zapata,1
Sherif Ismail,1
Anirban Majumder,2
Ken Barbet,1
Manish Jha,2
David Salzberg,1
 Christian Tureaud,1
J.F. Musial,1
 Josh Vietze,1
Christian Desmares,1
 Franck Ekinci,1
Christopher Chambers,1
Khaled El Halafawy,2
Nia Dinata,2
Jason Winer,1
Sarah Smith,1
James L. Brooks,1
John Murlowski,1
Sung-soo Kim,1
Mike Nicoll,1
Jason Stone,1
Mez Tharatorn,2
David Morris,1
 Jacqui Morris,1
Fabrizio Copano,1
 Augusto Matte,1
Mike Rossiter,1
Gabe Ibáñez,1
Anthony Russo,1
 Joe Russo,1
Levan Tsikurishvili,1
Ajay Bahl,1
Çagan Irmak,1
Alejandro G. Iñárritu,1
Shikha Makan,1
José Eduardo Belmonte,1
Adam MacDonald,1
Dave Patten,1
Michael Petroni,1
David Chirchirillo,1
Salima Koroma,1
Sumitra Bhave,3
 Sunil Sukthankar,3
Justin Lee,1
Simon Wells,2
Phil Weinstein,2
Haissam Hussain,1
Zoe Lister-Jones,1
Aaron Nee,1
 Adam Nee,1
Tanit Jitnukul,1
Manop Janjarasskul,1
Adisorn Tresirikasem,1
Jordi Llompart,1
Raja Menon,1
Matthew Salleh,1
Adam Wood,1
Zeke Norton,1
Andrew Tan,2
 Michael Goguen,2
William Lau,5
Ezekiel Norton,2
 Ezekiel Norton,1
Kyle Newman,1
Esteban Vidal,2
Dava Whisenant,1
Hrishikesh Mukherjee,4
Sagar Sarhadi,1
Lilibet Foster,1
Joshua Caldwell,1
Volker Arzt,1
 Angelika Sigl,1
Mel Smith,1
Mike Judge,1
Bruce W. Smith,1
Agasyah Karim,1
 Khalid Kashogi,1
Julian Jarrold,1
Fisher Stevens,1
Keiko Yagi,1
Katherine Fairfax Wright,1
Rajeev Chaudhari,1
Anthony Wonke,1
April Mullen,1
Adam Marino,1
Joe Camp,3
Tamer Bassiouni,1
Ted Braun,1
Dharmesh Darshan,2
Sushrut Jain,1
Majid Majidi,1
Jasbir Bijendra Bhati,1
Joey Kern,1
Scott Martin,1
Kaspar Astrup Schröder,1
Nick Broomfield,2
Stephen Daldry,2
Vonda Harrell,1
 Daniel Camenisch,1
Indrasis Acharya,1
Gajendra Ahire,3
 Viju Mane,1
 Girish Mohite,1
 Ravi Jadhav,1
Emanuel Hoss-Desmarais,1
Marianna Palka,1
Ham Tran,1
Miguel Conde,1
Supavitra Babul,1
Mark Harris,1
Jesse Gustafson,1
Martin Hodara,1
Gabriela Cowperthwaite,1
Daniel Alfredson,2
Ethan Hawke,1
Ben Younger,1
Deane Taylor,1
July Hygreck,1
Jean-François Richet,1
Ted Demme,2
Abdellatif Kechiche,1
Woody Allen,1
Lev L. Spiro,1
Derek Cianfrance,2
Jeremy Kenyon Lockyer Corbell,2
Jay Surridge,1
Elvira Lind,1
Raj Kapoor,3
Gabriel Clarke,1
 Torquil Jones,1
Brendan Byrne,1
Geoffrey Orthwein,1
 Andrew Sullivan,1
Byron Howard,1
 Chris Williams,1
Alexandra Dean,1
Jelle de Jonge,1
Arthur Penn,1
Kaizad Gustad,1
Gary Cohen,1
 Ross Hockrow,1
Gayane Petrosyan,1
Richard Sears,1
Alê Abreu,1
Chris Stokes,4
Michael Doneger,1
Cecilia Peck,1
Jody Lambert,1
Simon Baker,1
Rian Johnson,2
Robert Adetuyi,1
Lu Yang,1
Vivieno Caldinelli,3
Mike Wiluan,1
Andreas Johnsen,1
David McCracken,1
Steve Antin,1
Jon Manning,1
Lee Chang-dong,1
Cary Murnion,1
 Jonathan Milott,1
Daniel Mann,2
Daniele Thompson,1
Travis Zariwny,1
Néstor Sánchez Sotelo,1
Asim Abbasi,1
Carlos Bolado,1
Scott Marshall Smith,1
Lisa Arnold,1
Peter Sattler,1
Harry Elfont,1
 Deborah Kaplan,1
Bernard Rose,1
Justin Pemberton,1
Noushad,1
Mark O'Connor,1
Chito S. Roño,2
Todd Haynes,1
Brian De Palma,2
Matt Piedmont,1
Wong Jing,5
Richard Brooks,1
Aaron Hancox,1
 Michael McNamara,1
Henrik Martin Dahlsbakken,1
Shivendra Singh Dungarpur,1
Nicholas Hytner,1
Harry Baweja,1
Aatmaram Dharne,1
Umer Adil,1
Arne Birkenstock,1
Dianne Dreyer,1
Garin Nugroho,1
John Curran,1
Charles A. Nichols,1
 Iwao Takamoto,1
 Jason Kwan,1
John Scheinfeld,1
Gurvinder Singh,1
 Asit Mohapatra,2
Asit Mohapatra,1
Shyamal Chaulia,1
 Binayak Das,1
Anuranjan Premji,1
Mark Dindal,1
Tom Holland,1
Tan Bing,1
Bedabrata Pain,1
Ken Hughes,1
Atom Egoyan,3
Andrew Sandler,1
Corbin Bernsen,1
Marita Grabiak,1
Gary Wheeler,1
Marc Forster,3
Mohsin Ali,1
 Katia Lund,1
Pete Travis,2
Nick Mead,1
Louis Leterrier,1
Gregory Hoblit,4
Eric Stoltz,1
Jack Starrett,1
Chris Perkel,1
John Crowley,1
Lilly Wachowski,4
 Lana Wachowski,4
 Tom Tykwer,1
Matt Reeves,1
Thomas Carter,1
Vishal Mishra,1
Saurav Palodhi,1
Florian Gallenberger,1
Zack Whedon,1
Craig Goodwill,1
Jesse Adang,1
 Syrine Boulanouar,1
Van M. Pham,1
Gavin Fitzgerald,1
Abdul Aziz Hashad,1
Stuart Rosenberg,1
Ben Steele,1
Henry Selick,1
Jason Bourque,1
Micah Bickham,1
 Galley Molina,1
Kranti Kanade,1
Ang Lee,1
Don Mancini,1
Zachary Heinzerling,1
Chandrakant Kanse,1
Gary David Goldberg,1
Steve Carr,3
Amara Cash,1
Pablo Parés,1
Johnson Esthappan,1
Raj Amit Kumar,1
Jean-Marc Vallée,1
Philipp Eichholtz,1
Brendan Toller,1
Agnidev Chatterjee,1
Alexandros Avranas,1
Prawal Raman,1
Parveen Kumar,1
Julie Dash,1
Amman Abbasi,1
Dylan Haegens,1
 Bas van Teylingen,1
 Jake Paltrow,1
Tom Edmunds,1
Tanveer Khan,1
Danny J. Boyle,1
Demetri Martin,1
Tanuj Bhramar,1
Jason Priestley,1
Neil LaBute,1
Harrison Smith,1
Clay Porter,1
Ken Burns,5
 Artemis Joukowsky,1
Dennis Iliadis,1
Camilla Nielsson,1
Christian Gudegast,1
Frederick Cipoletti,1
Sam Patton,1
Mohamed Samy,3
Christopher Smith,2
Michael Feifer,1
Saara Cantell,1
Clay Staub,1
Hark Tsui,1
Ben Ryder,1
Benoît Jacquot,1
Chia-Liang Liu,4
Todd Standing,1
Benjamin Arfmann,1
David Lean,1
Paul Schrader,1
Philip Marlatt,1
Charles Martin Smith,1
Mahin Ibrahim,1
 Austin Kolodney,1
 Will Lowell,1
 David Beier,1
 Dave Dorsey,1
 Xu Zhang,1
 Alana Waksman,1
 Jon YonKondy,1
 Drue Metz,1
 Brandon Somerhalder,1
Troy Nixey,1
Caradog W. James,1
Daniel Gordon,1
Mike Birbiglia,1
John Patrick Shanley,1
M.J. Isakson,1
Bo Welch,1
Scott Mosier,1
 Yarrow Cheney,1
Rob Cohen,3
Colin Teague,1
Doug Lefler,1
Patrik Syversen,1
Greg MacGillivray,3
Tristan Ferland Milewski,1
Reiner Holzemer,1
Afia Nathaniel,1
Eeshwar Nivas,1
Emma Hatherley,1
Dave Green,1
Anthony Lucero,1
Will Gluck,2
Bruce Gowers,1
Ajithkumar,1
Harjit Singh,1
Philipp Stölzl,2
Federico Lemos,2
Bassam Kurdali,1
John Bridcut,1
Sebastian Gutierrez,1
Fabien Beziat,1
 Hugues Nancy,1
Hugues Nancy,1
 Fabien Beziat,1
Nils Tavernier,1
Jon Spira,1
Michael Thelin,1
Riri Riza,5
Neil Triffett,1
Greg Coolidge,1
Ajay Phansekar,1
Denis Villeneuve,1
Jenny Carchman,1
Jason James,1
Robert Clouse,1
Kurt Wimmer,1
Wojciech Marczewski,1
Marcelo González,1
Valeria Golino,1
Robi Michael,1
Alex Garland,1
James Lee,1
Stuart Baird,1
Anders Sømme Hammer,1
 Marius Arnesen,1
 Klaus Erik Okstad,1
 Olav Njaastad,1
Michael Whitton,1
Joseph Mbah,1
Benny Fine,1
Matt Toronto,1
Sedat Kirtan,1
 Kubilay Sarikaya,1
Keith L. Smith,1
Nagraj Manjule,2
Shadi Ali,1
Ian Barber,1
Norman Jewison,2
Biyi Bandele,1
Luke Jurevicius,1
Ari Levinson,1
Tony Zierra,1
James Wong,2
David R. Ellis,3
Gianfranco Rosi,2
Sabal Singh Shekawat,1
Arthur Muhammad,1
Nirpal Bhogal,1
Keith Malloy,1
Andrew Renzi,1
Gerry Blaksley,1
Cheh Chang,3
Marc Abraham,1
Kang Cheng,1
 Shan Hua,1
Asri Bendacha,1
Juan Manuel Cotelo,1
Mark Helenowski,1
 Kevin Pang,1
Dean Wright,1
Mark Murphy,1
Richard Miron,1
Jon Carey,1
 Adam Darke,1
Fred M. Wilcox,1
Maya Zinshtein,1
Lee Fulkerson,1
Seth Gordon,1
Trudie Styler,1
Marc Levin,1
Wade Allain-Marcus,1
 Jesse Allain-Marcus,1
Jude Okwudiafor Johnson,1
Marcus Nispel,1
Simon Verhoeven,1
Heber Cannon,2
Bob Rose,1
Le Van Kiet,1
Adam Del Giudice,1
Hoyt Yeatman,1
Fellipe Barbosa,1
Pavel Parkhomenko,1
Ifa Isfansyah,2
Rudy Soedjarwo,2
Hiroshi Katagiri,1
Manbhavan Singh,1
P.K. Baaburaaj,1
David Grossman,1
Guy Vasilovich,1
Nicholas Stoller,1
David Silberg,1
Rich Ragsdale,1
Kazuchika Kise,3
 Masahiko Murata,1
Partho Ghosh,1
Vincente Minnelli,1
 Charles Walters,1
Sally Potter,1
Brett Whitcomb,1
Harold Cronk,2
Jedd Wider,1
 Todd Wider,1
Gordon Chan,1
Michael Mason,1
Francis Lee,1
Takuya Inaba,1
Sam de Jong,1
Ivan Sen,1
Mark Landre Gould,1
Neslihan Yesilyurt,1
Chris McCoy,1
Wendy Jo Carlton,1
Tarek Abdel Moaty,1
Henrik Ruben Genz,1
Justin Chon,1
Robert Altman,2
Mathieu Kassovitz,1
Ananth Narayan Mahadevan,1
Tanuj Chopra,1
Nanette Burstein,1
Eric Juhola,1
Anjali Nayar,1
James Woodroffe,1
Ali Taner Baltacı,2
 Mamoru Oshii,1
 Hideki Futamura,1
 Toshiyuki Kanno,1
 Tomoki Kyoda,1
 Koichi Mashimo,1
 Yasushi Muraki,1
 Daisuke Nishio,1
 Frank O'Connor,1
 Koji Sawai,1
 Joseph Chou,1
 Hiroshi Yamazaki,1
Ian Kirby,1
Satish Kaushik,2
John Irvin,1
Akram Farouk,1
Johnny Martin,1
Tim Van Someren,1
Joe Dietsch,1
 Louie Gibson,1
Luis Javier M. Henaine,1
Robert Osman,1
 Nathanael Wiseman,1
Ilya Naishuller,1
Jon Hurwitz,1
 Hayden Schlossberg,1
Danny Leiner,1
Daniel Raim,1
Ah Loong,1
Ron Davis,2
Justin Bare,1
 Matthew Miele,1
Jon Schnitzer,1
Brant Sersen,1
Eddie Martin,1
Andrew C. Erin,1
Quinn Lasher,1
Elle Callahan,1
Ana Kokkinos,1
Kelly Noonan,1
David Mirkin,1
Huang Jianming,1
Tom Gianas,1
 Ross R. Shuman,1
Christel Gibson,1
Timothy Woodward Jr.,2
Shawn Arranha,1
Liu Jie,1
Scott Hicks,2
Lucy van Beek,1
Jennifer Lynch,1
Vishnu Govindhan,1
Daniel Ablin,1
Asim Raza,1
 Cem Yılmaz,1
Neil Armfield,1
Anthony Scott Burns,2
 Nicholas McCarthy,1
 Adam Egypt Mortimer,1
 Gary Shore,1
 Kevin Smith,1
 Sarah Adina Smith,1
 Scott Stewart,1
 Kevin Kolsch,1
 Dennis Widmyer,1
Will Allen,1
Note Chern-Yim,3
Rakshith Thirthahalli,1
Anindya Chatterjee,1
Bille Woodruff,2
Mike Disa,1
Sudip Bandyopadhyay,1
Brodje Wemboendja,1
Ayush Raina,1
Marty Stalker,1
Scott Cooper,1
Michael Polish,1
Max McGill,1
Akiva Schaffer,1
Janusz Majewski,2
Genndy Tartakovsky,1
Mark Tonderai,2
Sandy Chronopoulos,1
Ziga Virc,1
Tom O'Dell,1
Ken Marino,1
Lionel C. Martin,1
Jocelyn Moorhouse,1
Cal Saville,1
Amar Gupte,1
 Frank Paur,1
Raj Kanwar,1
Drew Casson,1
Jonathan Mostow,2
Matt Kugelman,2
Gabriel Grieco,1
Benjamin Turner,2
 Gabe Turner,1
Mary Mazzio,1
Laura VanZee Taylor,1
Feng Xiaogang,1
Adam Sjöberg,1
Chuck Russell,1
Douglas McGrath,1
Maria Demeshkina Peek,1
Ken Loach,1
Steve Race,1
Brett Harvey,1
Law Wing-cheong,1
Sachin,2
Tony Leondis,1
Karey Kirkpatrick,1
Walerian Borowczyk,1
Taron Lexton,1
Aytaç Ağırlar,1
Eric Zaragosa,1
Suman Mukhopadhyay,1
Jonathan Baker,1
Elizabeth Chai Vasarhelyi,1
Brad Bird,2
Sanjeev Gupta,1
John Stewart Muller,1
Luca Vullo,1
Iain Softley,1
K. Subhash,1
Eugenio Derbez,1
Michael Gallagher,1
Patricia Rozema,2
Charles Officer,1
John Trengove,1
Kedar Shinde,2
Jacob Schwab,1
Leo Riley,2
V. K. Prakash,1
Manish Tiwary,1
Zatella Beatty,1
Young Jun Lee,1
Mathias Malzieu,1
 Stéphane Berla,1
Harvey Glazer,1
 Stuart Stone,1
Stuart Orme,1
Dustin Nguyen,1
Azfar Jafri,1
Gerry Hoban,1
C. Fitz,1
Joe Boyd,1
David Gelb,1
Radhu Karmakar,1
John Edginton,1
Ashim Ahluwalia,1
Andrew Stanton,1
Bill Oliver,1
Toby Haynes,1
Amardeep Singh Gill,1
Susannah Heath-Eves,1
Nora Ephron,1
Salim Akil,1
Phil Morrison,1
Lana Wachowski,1
 Lilly Wachowski,1
Kathryn Bigelow,1
Sanjay Gupta,1
Kranti Redkar,1
Tinnu Anand,1
Jijo Pancode,1
Pa. Ranjith,1
Buta Singh,1
Roger Allers,2
 Gaëtan Brizzi,1
 Paul Brizzi,1
 Joan C. Gratz,1
 Mohammed Saeed Harib,1
 Tomm Moore,1
 Nina Paley,1
 Bill Plympton,1
 Joann Sfar,1
 Michael Socha,1
Pooja Bhatt,1
Rupert Jones,1
Dhilip Kumar,1
Sai Paranjape,1
Alphonso J. Wesson,1
Vineeth Anil,1
 Tim Story,2
Lori Kaye,1
Subhash Ghai,4
Surya S.J.,1
 Sunil Kumar Agrawal,1
Sudipto Roy,1
John Stockwell,2
Steven Gomez,1
Frédéric Tonolli,1
Paul Tanter,1
Attila Till,1
Paul Katis,1
Felix Thompson,1
Jeffrey W. Byrd,1
Steve Greenwood,1
Peter Farrelly,2
 Bobby Farrelly,1
Deniz Gamze Ergüven,1
Woo Ming Jin,1
Frank Capra,4
 Joris Ivens,1
Alex Proyas,2
Jonathan Taylor,1
Joachim Rønning,1
 Espen Sandberg,1
Gulzar,1
Hans Petter Moland,1
Munjal Shroff,3
 Tilak Shetty,3
Tilak Shetty,3
Oliver Blackburn,1
William H. Macy,1
Remy Kohli,1
Stephen Chow,2
Andrés Couturier,1
Stanley Tong,2
Suresh Pillai,1
Yusuf Pirhasan,1
Devin Chanda,1
Samir Karnik,1
Leandro Mark,1
 Nicolás Silbert,1
Giulio Base,1
Alejandro Lozano,1
Syed Ahmad Afzal,1
Sopon Sukdapisit,1
Chris Nahon,1
R. Ellis Frazier,2
Jaki Bradley,1
Kazuaki Kiriya,1
Massy Tadjedin,1
Damien Piscarel,1
 Florent Bodin,1
Emmanuel Amara,1
Anand Tucker,1
Roy Allen Smith,1
Ron Myrick,3
B.N. Shajeer Sha,1
Vic Armstrong,1
Yang Lei,1
 Stephen Murray,1
Anders Falck,1
 Stinus Morell Vithner,1
Mario Cambi,1
Pascal Blanchard,1
 Sonia Dauger,1
 David Dietz,1
John Huston,3
Onur Ünlü,1
Jenna Laurenzo,1
Justin McConnell,1
Kevin Peeples,1
Alfonso Arau,1
Karim El Sobky,1
Ellen Weissbrod,1
Hua Shan,1
Tim Bartley,1
Robyn Butler,1
Ira Sachs,1
Zach Clark,1
Nick Gomez,1
Guy Ritchie,2
Steven Knight,1
James Mather,1
 Steve Saint Leger,1
Fernando Sariñana,1
 José Luis Gutiérrez,1
Michael Anderson,1
Jakob Verbruggen,1
Jennifer Baichwal,1
 Nicholas de Pencier,1
Sze Yu Lau,2
David Wnendt,1
Ignacio López Escrivá,1
Sarah Moshman,1
Charneice Fox,1
Saandeep Patel,1
Steven Fine,1
Ahmad Samir Farag,1
Sridhar Jetty,1
Christian Ditter,1
Alma Har'el,1
Katherine Brooks,1
Ana Quiroga,1
Radhika Rao,1
 Vinay Sapru,1
Prabhuraj,1
Ticoy Rodriguez,1
Jayan Vannery,1
Pratim D. Gupta,2
Dylan C. Brown,1
Debaloy Dey,1
George Miller,1
Callie Khouri,1
 Jesse V. Johnson,1
Jim Monaco,1
Chun Wong,1
Ben Patterson,1
Aaron Burns,1
Luc Vinciguerra,2
Benjamin Ree,1
Amaan Khan,1
Li Pei-Chuan,1
Sameer Vidwans,2
Michael Winnick,1
Keanu Reeves,1
Ben Palmer,1
Tathagata Banerjee,1
John Upchurch,1
Tom O'Brien,1
Michael Roberts,1
Rahat Kazmi,1
Clive Tonge,1
Nathan Landeg,1
Pulkit,1
Everardo Gout,1
David Raynr,1
David Batty,5
Deepika Narayan Bhardwaj,1
Eric Drath,1
 Eric Radomski,2
Shekhar Kapur,1
Ui-seok Jo,1
Pablo D'Alo Abba,1
Sudesh Manjrekar,2
 Atul Kale,1
Daniel Noah,1
Philip Yung,1
Hassan Hegazy,1
 Shady Ali,1
Bob Hercules,1
 Rita Coburn Whack,1
Samuel D. Pollard,1
Jesús Magaña Vázquez,1
Nathan Morlando,1
Mina Shum,1
Jacek Koprowicz,1
Paul Berczeller,1
 Mark Radice,1
Binu Ulahhannan,1
Bob Odenkirk,1
Shin-yeon Won,1
Janet Tobias,1
 Claus Wehlisch,1
Barry Sonnenfeld,3
John Barnard,1
Santosh Manjrekar,1
Bharat Nalluri,1
Gus Van Sant,2
Anil Thomas,1
Gavin O'Connor,1
Keiichi Hara,1
Liv Ullmann,1
Kenny Young,2
Jennifer Siebel Newsom,1
Barbara Kopple,1
Julia Hart,1
David Fairhead,2
David Blair,1
Osman Ali,1
Anna Boden,1
 Ryan Fleck,1
Munish Bhardwaj,1
Ted Geoghegan,1
William Monahan,1
Martin Rosete,1
Brett Ratner,1
Ahmed El Gendy,1
Holger Tappe,1
Steve Sacks,1
 Andrew Duncan,2
 Sylvain Blais,1
Dustin McKenzie,3
Victor Dal Chele,1
 Alfred Gimeno,1
Mike Fetterly,1
 Steve Sacks,2
Dan Fraga,1
 William Lau,1
Audu Paden,1
 Audu Paden,1
Rachel Bell,1
Barry Jenkins,1
Antoine Bardou-Jacquet,1
Jami,1
Chad Hartigan,1
Michael Mayer,1
Avadhoot Gupte,2
Jennifer Peedom,1
 Will Graham,1
 Steve Carr,1
 Griffin Dunne,1
 Steve Brill,1
 James Duffy,1
 Jonathan van Tulleken,1
 Elizabeth Banks,1
 Patrik Forsberg,1
 Brett Ratner,1
 Rusty Cundieff,1
 James Gunn,1
Tomer Heymann,1
Anthony Chan,1
Craig Gillespie,1
Alexandre Heboyan,1
 Benoît Philippon,1
James Bobin,2
Lewis Milestone,2
 Carol Reed,1
Bruce McDonald,1
Waymon Boone,1
Dash Shaw,1
Nathaniel Warsh,1
Alessandro Pepe,1
Claude Barras,1
 Jayson Thiessen,1
Jayson Thiessen,1
 Ishi Rudell,1
Siu-hung Chung,1
 Wong Jing,1
Nick Cassavetes,1
Atsajun Sattakovit,1
Simon Curtis,1
Moataz El Tony,1
Sabu Varghese,1
Krishna Agazzi,1
 Filippo Gastaldi,1
Dennis Bartok,1
Ben Bowie,1
 Geoff Luck,1
Heidi Saman,1
Natalia Valdebenito,1
Sonia Kennebeck,1
Gene Quintano,1
Jon Turteltaub,1
Roman Atwood,1
 Ben Pluimer,1
Chad L. Scheifele,1
George Stevens,1
Josh Webber,1
Arun Vaidyanathan,1
Jordana Spiro,1
Kelly Reichardt,1
Anthony Bell,1
Tim Maltby,1
Richard Finn,1
 Tim Maltby,1
Kiki Goshay,1
 Jacqueline Monetta,1
Rushmore DeNooyer,1
Martin Gorst,2
Giulia Clark,1
Sarah Holt,1
Terri Randall,1
Doug Hamilton,1
Peter Fison,1
Graham Townsley,1
Paula Apsell,1
 Kirk Wolfinger,1
Oliver Twinch,2
Llewellyn M. Smith,1
Daniel McCabe,1
Peter Yost,1
Tom Stubberfield,1
Noel Dockstader,1
 Quinn Kanaly,1
Gail Willumsen,1
Sacha Gervasi,1
Lesli Linka Glatter,1
Peter Pardini,1
Sam Taylor-Johnson,1
Dana Doron,1
 Uriel Sinai,1
Enrico Bisi,1
Lars von Trier,2
Mat Whitecross,1
Jacques Perrin,1
 Jacques Cluzaud,1
Luke Sparke,1
Nacho G. Velilla,1
Shawn Crahan,1
Poj Arnon,4
Clarence Yiu-leung Fok,1
Heitor Dhalia,1
Pradip Kurbah,1
Charlie Lightening,2
Simon Rumley,1
Banjong Pisanthanakun,4
Morgan Spurlock,2
Tim Rouhana,1
Noah Moskin,1
Jasmine D'Souza,1
Nicolas Winding Refn,1
Bill Guttentag,1
 Michael Ware,1
 Jill Culton,1
John H. Lee,1
Logan Kibens,1
Chia Tang,1
Peter McDonnell,1
Kiran Narayanan,1
Ben C. Lucas,1
Jayaraj Rajasekharan Nair,1
Mark Franchetti,1
 Andrew Meier,1
Adam Collins,1
 Luke Radford,1
Paul Spurrier,1
Chandran Narikode,1
Jorge Granier,1
Piti Jaturaphat,1
Amber Tamblyn,1
Alex Law,1
Bhagyaraj,1
Rebecca Addelman,1
Oren Peli,1
Gafoor Y. Elliyaas,1
Jennie Livingston,1
Kevin Hooks,1
Dileep Narayanan,1
Paritosh Painter,1
Paul Reubens,1
 Wayne Orr,1
Mohd Khairul Azri Bin Md Noor,1
Mark Palansky,2
J.C. Falcón,1
C.J. Wallis,1
James Foley,1
Tony Stone,1
Karan Lalit Butani,1
Jean-Loup Felicioli,1
 Alain Gagnol,1
Ajay Bhuyan,1
 Kunal Kohli,1
 Paween Purikitpanya,1
 Songyos Sugmakanan,1
 Parkpoom Wongpoom,2
 Visute Poolvoralaks,1
Abhishek Saxena,1
Dana Nachman,1
 Don Hardy Jr.,1
Oscar Micheaux,1
 Spencer Williams,1
 Richard E. Norman,1
 Richard Maurice,1
 Bruno Stagnaro,1
Christophe Honoré,1
 Joseph Sargent,1
Jean-Simon Chartier,1
Wim Wenders,1
Gabe Klinger,1
Steve McLean,1
Charlie Haskell,1
 Koichi Sakamoto,1
James Barr,1
Ashish R. Shukla,1
 Josh Alexander,1
 Greg Young,1
Bhavik Thakore,1
Stephen Cone,1
Anurag Singh,1
Luis Prieto,1
Michael Tolajian,1
Richard Correll,1
Raphael Erichsen,1
Hari Viswanath,1
Manish Gupta,1
Jeremy Coon,1
 Tim Skousen,1
Ding Sheng,1
Basu Chatterjee,2
Phil Johnston,1
 Rich Moore,1
Eric Khoo,1
Sanjay Dayma,1
Kim Sung-hoon,1
Girish Joshi,1
Amir Mohiuddin,1
Husam El-Gohari,2
Nicholas Ray,1
Michael James Regan,1
Craig Anderson,1
John Milius,1
Amitava Bhattacharya,1
Marina Willer,1
Clementine Malpas,1
 Leslie Knott,1
Andy Capper,1
Shamyl Othman,1
Allen Coulter,1
René Pérez Joglar,1
Linda Saffire,1
 Adam Schlesinger,1
Vijay Jayapal,1
 Andrew Loo,1
Jani Lachauer,1
 Jakob Schuh,1
Fernando Frías De La Parra,1
Jon Avnet,1
Devaki Singh,1
 Luke Kenny,1
Amit Rai,1
Pierfrancesco Diliberto,1
Nicholas Winter,1
Sylvester Stallone,3
Nancy Schwartzman,1
Mitch Dickman,1
Lenny Abrahamson,1
Matthew Atkinson,1
Max Lang,1
 Jani Lachauer,1
Shweta Basu Prasad,1
Roman Polanski,1
John Dahl,2
Jay Chandrasekhar,2
Atanu Mukherjee,1
Jeeva,1
David L. Cunningham,1
Dharmendra Suresh Desai,1
Alex Infascelli,1
Raman Kumar,1
Hakan Yonat,1
Michael Seater,1
Balu Mahendra,1
Ehtesham Uddin,1
Kireet Khurana,1
 Padmakumar Narasimhamurthy,1
Sanjay Soorkar,1
Mohamed Hamdy,3
Partha Chakraborty,1
K. Gopinathan,1
Bruce MacDonald,1
 Gabriel Sabloff,1
Rajeev Patil,1
Glenn Miller,1
Venugopan,1
Kamal Sahani,1
V. Scott Balcerek,1
Raj N. Sippy,1
Damon Cardasis,1
Jeffrey G. Hunt,1
Kevan Peterson,1
Dino Risi,2
Keenen Ivory Wayans,1
Hiroshi Aoyama,1
 Kazumi Fukushima,1
 Jim Stenstrum,1
Edgar Wright,1
Wes Craven,2
Steven Zaillian,1
Malik Bendjelloul,1
Jay Chou,1
Billy Ray,1
Kasia Uscinska,2
Susannah Ward,2
Sam Taplin,2
Vicky Matthews,3
 Gareth Sacala,1
Louise Wardle,1
Kenneth Müller,1
Michael Patrick King,2
Max Martini,1
Krishna Vamshi,1
Gurudev Bhalla,1
Samar Khan,1
Raymond McGrath,1
Adele K. Thomas,1
 Richard Bailey,1
Richard Bailey,1
Jitendra Tiwari,1
 Pranav Singh,1
Destin Daniel Cretton,1
Barney Clay,1
Adarsh Eshwarappa,1
Fabio Grassadonia,1
 Antonio Piazza,1
Vivek Wagh,1
M.J. Bassett,1
Jason Cohen,1
Anil Sharma,1
Robert Kouba,1
Dorian Fernández-Moris,1
Gregg Bishop,1
Corey Grant,1
Ekachai Uekrongtham,1
Fredric Lean,1
Colin Strause,1
 Greg Strause,1
Leslye Headland,1
Joe Nussbaum,1
Billy Bob Thornton,1
John Maclean,1
Alex Winter,1
Fred Olen Ray,1
Jonathan Ignatius Green,1
Ian MacAllister-McDonald,1
Nancy Meyers,1
Julius Avery,1
Jeffrey C. Bell,1
David Allensworth,1
 Monière,1
 Reuben Atlas,1
Sam O'Steen,1
Dan Harris,1
Mark Sloper,1
Sam Raimi,2
Peter Ramsey,1
 Rodney Rothman,1
 Bob Persichetti,1
 Anthony Palmer,1
Tom McCarthy,1
Harmony Korine,1
Storm Saulter,1
Christopher Ray,1
Adam Alleca,1
Alison E. Rose,1
Ola Flyum,1
 David Hebditch,1
Akiva Goldsman,1
Arjun Gourisaria,1
 Moinak Biswas,1
Chatchai Katenut,1
 Manussa Vorasingha,1
 Tanwarin Sukkhapisit,1
 Poj Arnon,1
Jon J. Whelan,1
Alex Holmes,1
Raj B. Shetty,1
James Sweeney,1
Rowan Athale,1
Baz Luhrmann,1
Ester Gould,1
 Reijer Zwaan,1
Andrew Bergman,1
Afonso Poyart,1
J.M. Berrios,1
Stefano Sollima,1
Chayanop Boonprakob,1
Zakariya,1
Benny Fredman,1
Saul Dibb,1
Joseph Cross,1
Kasper Barfoed,1
Partho Sen-Gupta,1
Sumit Das,1
Kevin Phillips,1
Greg Mottola,1
Gordon Parks,1
Bryan Singer,1
Bruce McCulloch,1
Matthew Cooke,1
Anthony Caronna,1
 Alexander Smith,1
Matt Wechsler,1
Jamie M. Dagg,1
Dan Kwan,1
 Daniel Scheinert,1
Derek Yee,1
Navneet Behal,1
Julien Seri,1
 Kevin Lima,1
Brian Smith,1
Ryu Jung-woo,1
Sonia Lowman,1
John Carchietta,1
Kevin Munroe,1
Michael Pressman,1
Steve Barron,1
Einar Gabbassov,1
Natalia Garagiola,1
Jevons Au,1
 Zune Kwok,1
 Chow Kwun-wai,1
 Ng Ka-Leung,1
 Wong Fei-Pang,1
Yann Arthus-Bertrand,1
 Michael Pitiot,1
Damien Leone,1
Sukhbir Singh,1
Dheeraj Berry,1
Mitzi Vanessa Arreola,1
 Amir Galvan Cervera,1
Matthew Shoychet,1
Pamela Romanowsky,1
Geoff Anderson,1
Esteban Sapir,1
Jee-woon Kim,1
Andrew Douglas,1
Thurop Van Orman,1
 John Rice,1
Denis Hennelly,1
 Casey Suchan,1
Jonathan Sobol,1
Christian Duguay,1
André Øvredal,1
Kurt Voelker,1
Elliot Hegarty,1
Keith Fulton,1
 Louis Pepe,1
Brian M. Conley,1
 Nathan Ives,1
John Ford,2
Tommy Avallone,1
Rolfe Kanefsky,1
Philippe Falardeau,1
Kevin Ford,1
 Smriti Keshari,1
 Eric Schlosser,1
Albert Hughes,1
 Allen Hughes,1
Olivier Loustau,1
Richard Kelly,1
William Brent Bell,2
Mark Herman,1
Neil Jordan,2
Ken Kushner,1
Nora Twomey,1
Stacy Title,1
Graham Phillips,1
 Parker Phillips,1
Ofir Raul Graizer,1
Bumpy,1
Elliot Silverstein,1
Sean Menard,1
Jon Gunn,1
Tarek Al Eryan,1
Craig Moss,1
Magdy Al-Hawwary,1
Antonio Chavarrías,1
John Stephenson,1
Michael Buster,1
Bob Nelson,1
Ari Folman,1
Andrew Fleming,1
Kirk De Micco,1
 Chris Sanders,1
Marek Piwowski,1
Jarrad Paul,1
 Andrew Mogel,1
Satish Manwar,1
Frank Oz,3
 Jim Henson,1
Tariq Khan,1
Peter Mortimer,1
 Josh Lowell,1
Cecilia Atán,1
 Valeria Pivato,1
Blair Hayes,1
William Friedkin,1
Stephanie Soechtig,1
 Jeremy Seifert,1
Bette Gordon,1
Kieran Darcy-Smith,1
Robert Berlinger,1
Paul Andrew Williams,2
James Ponsoldt,2
David Leveaux,1
Michael Samuels,1
Jenée LaMarque,1
Coerte Voorhees,1
 John Voorhees,1
Rodrigo Van Der Put,2
Hugh WIlson,1
Meng Hua Ho,1
Peter Nicks,1
Oliver Frampton,1
Scott Walker,1
Mario Mattei,1
Cody Stokes,1
Doron Paz,1
 Yoav Paz,1
Paul Shoulberg,1
Kasra Farahani,1
Michel Gondry,1
Michael G. Kehoe,1
Mickey Liddell,1
Paco Arango,1
Maya Gallus,1
Chad Archibald,1
Mark Columbus,1
 Lauren Hoekstra,1
 Sarah Kruchowski,1
 Ryan Moody,1
 Simon Savelyev,1
 Vanita Shastry,1
 Shadae Lamar Smith,1
 Jeremy David White,1
Damani Baker,1
Rudradeep Bhattacharjee,1
Rob W. King,1
Isaac Ezban,2
Philip Einstein Lipski,1
 Jørgen Lerdam,1
 Amalie Næsby Fick,1
Femi Oyeniran,2
 Kalvadour Peterson,1
 Nicky Slimting Walker,1
 Matthew Robinson,1
Phyllida Lloyd,1
Benjamin Cohen,1
 Nicolas Cotto,1
Robin Swicord,2
Karen Moncrieff,1
Alejandro Agresti,2
Timothy Reckart,1
Pieter-Jan De Pue,1
Gillian Armstrong,1
Mark Craig,1
Dennis Scholl,1
Rob Smat,1
Blake Harris,1
 Chris Bouchard,1
Mark Osborne,1
Brian O'Malley,1
Jay Lyons,1
Robert Aldrich,1
Fred Durst,1
Joshua Oppenheimer,1
Marco Schnabel,1
Robert Cannan,1
 Ross Adam,1
Stanisław Różewicz,2
Johnny To,1
Robert Tate,1
John Mikulak,1
 Joshua Brown,1
 Christopher Loren Ewers,1
 Erik Ewers,1
Park In-je,1
William Wyler,2
Grant Heslov,1
Mads Matthiesen,1
John Banas,1
Michael Radford,1
Stuart Heisler,1
Carly Stone,1
Stefan Aust,1
 Dirk Laabs,1
 Joe Johnston,1
John Duigan,2
Ben A. Williams,1
Mimi Leder,1
Alan J. Pakula,1
Jean-Pierre Devillers,1
Stephen Chbosky,1
Joel Schumacher,1
Peggy Holmes,1
Bryan Buckley,1
Peter Lord,1
 Jeff Newitt,1
Keerthi,1
 Robert McCallum,1
Chan-sang Lim,1
Brian A. Miller,1
Martha Coolidge,1
Ron Clements,1
 John Musker,1
Na Hyeon,1
John Papola,1
Grant Korgan,1
 Brian Niles,1
Francis Ford Coppola,1
Miriam Chandy Menacherry,1
Kevin Derek,1
Shaina Allen,1
 Mariah Moore,1
 Marston Sawyers,1
Alison MacLean,1
Steve Barker,1
Dejan Zečević,1
Hadi El Bagoury,2
Lone Scherfig,1
N.D. Wilson,1
Curtis Hanson,1
Christian E. Christiansen,1
Bruce Robinson,1
Austin Stark,1
Kristian Levring,1
Stephen Amezdroz,1
Giancarlo Esposito,1
William Eubank,1
 Will Eubank,1
Sunil Soraya,1
Krzysztof Zanussi,1
Thomas Meadmore,1
Kyle Patrick Alvarez,1
Steven R. Monroe,1
Cosmo Feilding-Mellen,1
Stephan Rick,1
Will Lockhart,1
 Cole D. Pruitt,1
Tobe Hooper,1
Mohammed El-Tahawy,1
 Mohamed Mostafa,1
Lena Khan,1
Leanne Gater,1
Robert Schwentke,1
Brendan Malloy,1
 Emmett Malloy,1
David Koepp,1
Ben Brewer,1
 Alex Brewer,1
David Briggs,1
Kevin Donovan,1
Jean-Pierre Dardenne,1
 Luc Dardenne,1
Mark Neveldine,1
 Lynn Novick,1
Ossama Abu El Atta,1
 Tarek Al Eryan,1
Russell Crowe,1
Jay Russell,1
Robert Eggers,1
Kyle Rankin,1
Neil Rawles,1
Emil Ben-Shimon,1
Laurent Cantet,1
Michael Apted,1
Victoria Bromley,1
George Mendeluk,1
Peter Foott,1
Peter Svatek,1
Saheed Arafath,1
Charlotte Zwerin,1
David Shisgall,1
Derek Hui,1
Wim Bonte,1
Raam Reddy,1
Bin Bunluerit,1
Benjamin Ross,1
Stephen Hopkins,1
Jordan Ross,1
 John Sturges,1
Li Jun,1
Steve Loter,1
Sonny Marler,1
Edward Ellis,1
 Flor Salcedo,1
 Aaron Woolf,1
Beeban Kidron,1
Michael Cumming,1
Kyoko Miyake,1
Phil Roman,1
Roger Spottiswoode,1
Buddhadev Dasgupta,1
Sukum Maetawanitch,1
Jeffrey Nachmanoff,1
Wally Pfister,1
Richard Bates Jr.,1
Jon Reiner,1
 Brad Rothschild,1
Ron Underwood,1
S.S. Wilson,2
Brent Maddock,1
Adam Smith,1
Jitender Pawar,1
Nicholas Zeig-Owens,1
Shaul Schwarz,1
 Christina Clusiau,1
Tekin Girgin,1
Henry Hathaway,1
Preston A. Whitmore II,1
 John Huston,1
 Hugh Stewart,1
 Roy Boulting,1
 Anthony Veiller,1
David Soren,1
Hidetaka Inazuka,1
Buz Wallick,1
Gary Young,1
Susan Lambert,1
 Stefan Moore,1
Benedict Andrews,1
Paul Feig,1
Michael Mazzola,1
Chris Burkard,1
Jonathan Glazer,1
Sanjay Patel,1
Sherif Mandour,1
Jason Reitman,2
Pradeep Verma,1
Mario Van Peebles,1
Ashu Trikha,1
Amanda Micheli,1
Gurinder Chadha,1
Brandon Dickerson,1
David L.G. Hughes,1
Harvey Lilley,1
Gary Michael Schultz,1
P.T. Kunju Muhammad,1
Ganesh Kadam,1
Kushal Srivastava,1
Ed Lilly,1
Bilal Lashari,1
Param Gill,1
Anu Menon,1
Rob McKittrick,1
Marc Francis,1
 Max Pugh,1
Alex Smith,1
 Andrew J. Smith,1
Philip G. Atwell,1
Faraz Haider,1
John Michael McDonagh,1
Jack Zagha Kababie,1
Marina Zenovich,1
Tiffanie Hsu,1
Max Joseph,1
David Serrano,1
Jeremiah Zagar,1
Antoni Krauze,1
Chi Fat Chan,1
Ashish R. Mohan,1
Stephen Donnelly,1
 Olly Reid,1
 Jun Falkenstein,1
Abel Ferrara,1
Trevor Ryan,1
Michael Fahey,1
Huang Lei,1
Rebecca Harrison,1
Josh Mendoza,1
 Riri Riza,1
Ritu Sarin,1
 Tenzing Sonam,1
Heidi Brandenburg,1
 Mathew Orzel,1
Marek Kanievska,1
Paul Raschid,1
Drew Stone,1
Milla Harrison-Hansley,1
 Alicky Sussman,1
Dhruv Dhawan,1
 Anatole Litvak,1
Paul Dano,1
Morgan Matthews,1
Mel Stuart,1
Pascale Lamche,1
Debra Granik,1
Zach Braff,1
Theo Davies,1
Adrian Murray,1
Bart Freundlich,1
Storm Theunissen,1
David Guy Levy,1
Yasir Nawaz,1
Lawrence Kasdan,1
Jovanka Vuckovic,1
 Annie Clark,1
 Roxanne Benjamin,1
 Karyn Kusama,1
N. Chandra,1
Abu Bakr Shawky,1
Christian De Vita,1
Saratswadee Wongsomphet,2
Kirati Nakintanon,1
Mark Risley,1
James Brown,1
Ivona Juka,1
Mu Chu,1
Chandra Prakash Dwivedi,1
Majid Al Ansari,1
Peter Hewitt,1
Mozez Singh,1
