listed_in,counts
international movies,2752
dramas,2427
comedies,1674
international tv shows,1351
documentaries,869
action & adventure,859
tv dramas,763
independent movies,756
children & family movies,641
romantic movies,616
tv comedies,581
thrillers,577
crime tv shows,470
kids' tv,451
docuseries,395
music & musicals,375
romantic tv shows,370
horror movies,357
stand-up comedy,343
reality tv,255
british tv shows,253
sci-fi & fantasy,243
sports movies,219
anime series,176
spanish-language tv shows,174
tv action & adventure,168
korean tv shows,151
classic movies,116
lgbtq movies,102
tv mysteries,98
science & nature tv,92
tv sci-fi & fantasy,84
tv horror,75
anime features,71
cult movies,71
teen tv shows,69
faith & spirituality,65
movies,57
tv thrillers,57
stand-up comedy & talk shows,56
classic & cult tv,28
tv shows,16
